file,gt,emotion_before,prob_before,emotion_after,prob_after
angry/angry_0026.jpg,angry,angry,0.6537,sad,0.4485
angry/angry_0042.jpg,angry,fear,0.7145,fear,0.5473
angry/angry_0055.jpg,angry,fear,0.9312,angry,0.9669
angry/angry_0058.jpg,angry,fear,0.811,angry,0.9627
angry/angry_0072.jpg,angry,angry,0.9991,angry,0.9925
angry/angry_0082.jpg,angry,sad,0.4807,sad,0.3702
angry/angry_0090.jpg,angry,fear,0.557,angry,0.7371
angry/angry_0120.jpg,angry,neutral,0.5633,sad,0.97
angry/angry_0152.jpg,angry,neutral,0.8908,sad,0.7472
angry/angry_0156.jpg,angry,angry,0.7194,fear,0.7486
angry/angry_0158.jpg,angry,angry,0.7456,sad,0.7012
angry/angry_0191.jpg,angry,angry,0.8902,angry,0.7738
angry/angry_0200.jpg,angry,fear,0.845,fear,0.9344
angry/angry_0201.jpg,angry,angry,0.4565,sad,0.5587
angry/angry_0212.jpg,angry,fear,0.5741,sad,0.501
angry/angry_0224.jpg,angry,angry,0.9688,angry,0.9775
angry/angry_0228.jpg,angry,sad,0.6878,angry,0.6604
angry/angry_0232.jpg,angry,neutral,0.5658,neutral,0.8813
angry/angry_0286.jpg,angry,fear,0.7178,fear,0.5539
angry/angry_0287.jpg,angry,neutral,0.5543,angry,0.9053
angry/angry_0303.jpg,angry,angry,0.5205,angry,0.5066
angry/angry_0358.jpg,angry,neutral,0.8672,sad,0.9915
angry/angry_0367.jpg,angry,fear,0.6727,angry,0.607
angry/angry_0368.jpg,angry,neutral,0.5042,sad,0.6371
angry/angry_0377.jpg,angry,angry,0.4501,neutral,0.5326
angry/angry_0436.jpg,angry,sad,0.7509,sad,0.7947
angry/angry_0452.jpg,angry,sad,0.5448,sad,0.8113
angry/angry_0478.jpg,angry,sad,0.3798,fear,0.5247
angry/angry_0485.jpg,angry,angry,0.5818,sad,0.8925
angry/angry_0494.jpg,angry,angry,0.7409,surprise,0.5675
angry/angry_0518.jpg,angry,angry,0.5091,angry,0.7194
angry/angry_0544.jpg,angry,fear,0.7814,neutral,0.552
angry/angry_0547.jpg,angry,neutral,0.5627,happy,0.8389
angry/angry_0549.jpg,angry,angry,0.5375,angry,0.9637
angry/angry_0553.jpg,angry,angry,0.964,angry,0.8007
angry/angry_0557.jpg,angry,neutral,0.9313,sad,0.7391
angry/angry_0597.jpg,angry,angry,0.9464,disgust,0.5091
angry/angry_0601.jpg,angry,sad,0.96,sad,0.9548
angry/angry_0622.jpg,angry,angry,0.6482,angry,0.9986
angry/angry_0624.jpg,angry,angry,0.6759,sad,0.9799
angry/angry_0638.jpg,angry,neutral,0.4595,neutral,0.9637
angry/angry_0676.jpg,angry,disgust,0.7581,happy,0.5597
angry/angry_0748.jpg,angry,sad,0.9465,sad,0.8186
angry/angry_0753.jpg,angry,angry,0.9062,fear,0.6768
angry/angry_0774.jpg,angry,neutral,0.4187,sad,0.9771
angry/angry_0813.jpg,angry,neutral,0.8428,neutral,0.5257
angry/angry_0816.jpg,angry,angry,0.6103,sad,0.7944
angry/angry_0818.jpg,angry,angry,0.5992,fear,0.4125
angry/angry_0838.jpg,angry,angry,0.8412,angry,0.5119
angry/angry_0854.jpg,angry,sad,0.667,fear,0.5188
angry/angry_0888.jpg,angry,surprise,0.8565,fear,0.7878
angry/angry_0899.jpg,angry,neutral,0.9316,sad,0.449
angry/angry_0900.jpg,angry,angry,0.9971,angry,0.9992
angry/angry_0908.jpg,angry,neutral,0.9634,neutral,0.9856
angry/angry_0911.jpg,angry,surprise,0.7925,fear,0.5922
angry/angry_0952.jpg,angry,sad,0.8833,sad,0.9641
angry/angry_0955.jpg,angry,angry,0.5577,sad,0.8718
angry/angry_0987.jpg,angry,angry,0.4291,sad,0.9496
angry/angry_0999.jpg,angry,fear,0.9153,fear,0.8419
angry/angry_1001.jpg,angry,sad,0.8726,sad,0.7885
angry/angry_1027.jpg,angry,surprise,0.7808,angry,0.5009
angry/angry_1039.jpg,angry,sad,0.9277,sad,0.9126
angry/angry_1043.jpg,angry,angry,0.9538,angry,0.8715
angry/angry_1075.jpg,angry,angry,0.8483,angry,0.9983
angry/angry_1098.jpg,angry,angry,0.5708,neutral,0.7272
angry/angry_1100.jpg,angry,surprise,0.7926,angry,0.5322
angry/angry_1150.jpg,angry,neutral,0.8783,neutral,0.434
angry/angry_1184.jpg,angry,sad,0.6526,sad,0.7493
angry/angry_1249.jpg,angry,fear,0.9155,fear,0.7409
angry/angry_1261.jpg,angry,neutral,0.9739,neutral,0.6478
angry/angry_1329.jpg,angry,angry,0.8872,angry,0.6738
angry/angry_1330.jpg,angry,fear,0.8821,fear,0.8257
angry/angry_1378.jpg,angry,surprise,0.7953,sad,0.2661
angry/angry_1403.jpg,angry,angry,0.8972,angry,0.9166
angry/angry_1420.jpg,angry,angry,0.9803,angry,0.9379
angry/angry_1432.jpg,angry,fear,0.4468,fear,0.7937
angry/angry_1438.jpg,angry,angry,0.7354,angry,0.9852
angry/angry_1453.jpg,angry,angry,0.7713,fear,0.5355
angry/angry_1483.jpg,angry,sad,0.6269,angry,0.6626
angry/angry_1487.jpg,angry,neutral,0.9757,sad,0.998
angry/angry_1514.jpg,angry,fear,0.4999,sad,0.6385
angry/angry_1543.jpg,angry,fear,0.3421,neutral,0.6359
angry/angry_1548.jpg,angry,neutral,0.5044,fear,0.9784
angry/angry_1551.jpg,angry,sad,0.5778,sad,0.6587
angry/angry_1553.jpg,angry,neutral,0.8187,angry,0.9269
angry/angry_1563.jpg,angry,sad,0.9928,sad,0.9978
angry/angry_1565.jpg,angry,sad,0.9139,neutral,0.9456
angry/angry_1614.jpg,angry,angry,0.5359,sad,0.9451
angry/angry_1697.jpg,angry,fear,0.4917,fear,0.6255
angry/angry_1720.jpg,angry,angry,0.7184,fear,0.8136
angry/angry_1727.jpg,angry,angry,0.4769,angry,0.8713
angry/angry_1742.jpg,angry,fear,0.3197,sad,0.8119
angry/angry_1745.jpg,angry,angry,0.9939,angry,0.9884
angry/angry_1777.jpg,angry,angry,0.5295,angry,0.6108
angry/angry_1818.jpg,angry,sad,0.7345,sad,0.574
angry/angry_1820.jpg,angry,angry,0.9294,sad,0.6832
angry/angry_1840.jpg,angry,angry,0.9234,angry,0.9554
angry/angry_1873.jpg,angry,sad,0.7168,neutral,0.4966
angry/angry_1892.jpg,angry,neutral,0.849,fear,0.352
angry/angry_1941.jpg,angry,angry,0.7195,angry,0.5585
angry/angry_1949.jpg,angry,surprise,0.8106,surprise,0.9291
angry/angry_1950.jpg,angry,angry,0.8474,angry,0.5696
angry/angry_2080.jpg,angry,surprise,0.9683,surprise,0.8844
angry/angry_2105.jpg,angry,fear,0.9233,neutral,0.7323
angry/angry_2165.jpg,angry,angry,0.911,angry,0.9485
angry/angry_2168.jpg,angry,angry,0.9385,angry,0.7689
angry/angry_2194.jpg,angry,angry,0.5658,fear,0.8063
angry/angry_2235.jpg,angry,sad,0.516,angry,0.7294
angry/angry_2290.jpg,angry,neutral,0.9928,neutral,0.5806
angry/angry_2382.jpg,angry,sad,0.3944,angry,0.9731
angry/angry_2472.jpg,angry,angry,0.6244,angry,0.9581
angry/angry_2507.jpg,angry,angry,0.643,angry,0.8934
angry/angry_2511.jpg,angry,fear,0.6586,angry,0.8596
angry/angry_2550.jpg,angry,fear,0.4539,fear,0.4089
angry/angry_2586.jpg,angry,sad,0.6979,sad,0.9204
angry/angry_2610.jpg,angry,angry,0.9976,angry,0.8512
angry/angry_2617.jpg,angry,angry,0.9164,angry,0.6889
angry/angry_2625.jpg,angry,sad,0.9183,angry,0.8994
angry/angry_2708.jpg,angry,sad,0.6969,sad,0.9496
angry/angry_2723.jpg,angry,neutral,0.8146,sad,0.5791
angry/angry_2732.jpg,angry,fear,0.7392,sad,0.7013
angry/angry_2735.jpg,angry,angry,0.9418,sad,0.9928
angry/angry_2738.jpg,angry,fear,0.4846,fear,0.8617
angry/angry_2750.jpg,angry,angry,0.8157,angry,0.8775
angry/angry_2764.jpg,angry,fear,0.4511,fear,0.9687
angry/angry_2780.jpg,angry,fear,0.788,surprise,0.4866
angry/angry_2803.jpg,angry,angry,0.5983,angry,0.9206
angry/angry_2856.jpg,angry,sad,0.6259,sad,0.7622
angry/angry_2859.jpg,angry,angry,0.6397,angry,0.9284
angry/angry_2862.jpg,angry,neutral,0.5913,sad,0.5415
angry/angry_2867.jpg,angry,neutral,0.5817,fear,0.6062
angry/angry_2875.jpg,angry,sad,0.8072,sad,0.8163
angry/angry_2898.jpg,angry,fear,0.7204,angry,0.9257
angry/angry_2906.jpg,angry,neutral,0.9341,fear,0.4878
angry/angry_2908.jpg,angry,neutral,0.9774,neutral,0.4297
angry/angry_2933.jpg,angry,angry,0.654,angry,0.7683
angry/angry_2981.jpg,angry,fear,0.4584,angry,0.9183
angry/angry_3145.jpg,angry,fear,0.4848,angry,0.3583
angry/angry_3152.jpg,angry,sad,0.4735,sad,0.9196
angry/angry_3156.jpg,angry,angry,0.5706,angry,0.5768
angry/angry_3166.jpg,angry,neutral,0.3625,surprise,0.9283
angry/angry_3184.jpg,angry,angry,0.7014,angry,0.9876
angry/angry_3193.jpg,angry,fear,0.3818,fear,0.7371
angry/angry_3199.jpg,angry,sad,0.4376,disgust,0.4376
angry/angry_3208.jpg,angry,sad,0.9951,sad,0.9998
angry/angry_3211.jpg,angry,angry,0.926,angry,0.8873
angry/angry_3214.jpg,angry,fear,0.8239,neutral,0.9495
angry/angry_3248.jpg,angry,sad,0.7448,sad,0.9981
angry/angry_3251.jpg,angry,sad,0.7201,angry,0.6773
angry/angry_3252.jpg,angry,neutral,0.9519,neutral,0.7535
angry/angry_3262.jpg,angry,neutral,0.9939,sad,0.3997
angry/angry_3304.jpg,angry,surprise,0.6071,surprise,0.8336
angry/angry_3326.jpg,angry,angry,0.3087,fear,0.4801
angry/angry_3352.jpg,angry,angry,0.8055,sad,0.9106
angry/angry_3390.jpg,angry,fear,0.555,angry,0.686
angry/angry_3416.jpg,angry,fear,0.3395,sad,0.6706
angry/angry_3420.jpg,angry,angry,0.4968,disgust,0.429
angry/angry_3434.jpg,angry,angry,0.7816,angry,0.9713
angry/angry_3463.jpg,angry,angry,0.8331,angry,0.3873
angry/angry_3494.jpg,angry,surprise,0.8925,fear,0.5555
angry/angry_3603.jpg,angry,angry,0.9427,angry,0.6261
angry/angry_3682.jpg,angry,angry,0.9123,angry,0.6411
angry/angry_3685.jpg,angry,sad,0.5379,sad,0.9522
angry/angry_3781.jpg,angry,fear,0.8395,fear,0.5795
angry/angry_3809.jpg,angry,sad,0.9793,sad,0.9971
angry/angry_3814.jpg,angry,neutral,0.4724,fear,0.7421
angry/angry_3875.jpg,angry,angry,0.7648,fear,0.5978
angry/angry_3887.jpg,angry,sad,0.4959,angry,0.68
angry/angry_3924.jpg,angry,neutral,0.9427,sad,0.6822
angry/angry_3973.jpg,angry,sad,0.4902,sad,0.5769
angry/angry_4002.jpg,angry,surprise,0.9752,surprise,0.824
angry/angry_6063.jpg,angry,sad,0.8648,sad,0.9882
angry/angry_6220.jpg,angry,angry,0.9964,angry,0.997
angry/angry_6312.jpg,angry,angry,0.9934,angry,0.8384
angry/angry_6429.jpg,angry,fear,0.4355,angry,0.5747
angry/angry_6555.jpg,angry,neutral,0.8962,neutral,0.4704
angry/angry_6594.jpg,angry,sad,0.4483,sad,0.9445
angry/angry_6617.jpg,angry,angry,0.5199,fear,0.5984
angry/angry_6693.jpg,angry,angry,0.7208,angry,0.973
angry/angry_6741.jpg,angry,angry,0.7321,fear,0.7203
angry/angry_6747.jpg,angry,neutral,0.8713,fear,0.5001
angry/angry_6749.jpg,angry,angry,0.997,angry,0.9059
angry/angry_6752.jpg,angry,neutral,0.5913,sad,0.9967
angry/angry_6883.jpg,angry,sad,0.9829,sad,0.7919
angry/angry_6895.jpg,angry,sad,0.6475,angry,0.9654
angry/angry_6990.jpg,angry,angry,0.9393,sad,0.3194
angry/angry_6991.jpg,angry,angry,0.9873,angry,0.8691
angry/angry_6997.jpg,angry,neutral,0.9643,neutral,0.9597
angry/angry_7004.jpg,angry,sad,0.9956,sad,0.9978
angry/angry_7005.jpg,angry,sad,0.783,sad,0.9744
angry/angry_7007.jpg,angry,neutral,0.6189,neutral,0.5177
angry/angry_7008.jpg,angry,neutral,0.9613,angry,0.5489
angry/angry_7011.jpg,angry,sad,0.3459,fear,0.9912
angry/angry_7012.jpg,angry,neutral,0.6875,sad,0.4385
angry/angry_7029.jpg,angry,neutral,0.603,sad,0.9989
angry/angry_7030.jpg,angry,fear,0.9785,neutral,0.4336
angry/angry_7032.jpg,angry,angry,0.8226,angry,0.9984
angry/angry_7044.jpg,angry,angry,0.9247,angry,0.5038
angry/angry_7067.jpg,angry,angry,0.723,sad,0.4191
angry/angry_7075.jpg,angry,angry,0.9608,angry,0.9962
angry/angry_7077.jpg,angry,angry,0.4197,angry,0.9972
angry/angry_7091.jpg,angry,angry,0.8446,angry,0.8858
angry/angry_7092.jpg,angry,angry,0.986,fear,0.4743
angry/angry_7102.jpg,angry,sad,0.8455,sad,0.9789
angry/angry_7121.jpg,angry,angry,0.7544,disgust,0.6468
angry/angry_7128.jpg,angry,fear,0.5965,sad,0.654
angry/angry_7135.jpg,angry,sad,0.7487,sad,0.9998
angry/angry_7158.jpg,angry,sad,0.4657,neutral,0.3901
angry/angry_7187.jpg,angry,disgust,0.7952,angry,0.6098
angry/angry_7191.jpg,angry,sad,0.908,sad,0.5038
angry/angry_7194.jpg,angry,angry,0.958,sad,0.9495
angry/angry_7204.jpg,angry,angry,0.619,angry,0.9168
angry/angry_7215.jpg,angry,angry,0.9852,angry,0.9687
angry/angry_7217.jpg,angry,neutral,0.4381,angry,0.7032
angry/angry_7218.jpg,angry,sad,0.9481,sad,0.9245
angry/angry_7233.jpg,angry,sad,0.4981,angry,0.7349
angry/angry_7234.jpg,angry,sad,0.6674,sad,0.7854
angry/angry_7235.jpg,angry,fear,0.5273,surprise,0.8612
angry/angry_7242.jpg,angry,sad,0.9043,sad,0.9132
angry/angry_7246.jpg,angry,angry,0.447,angry,0.8848
angry/angry_7260.jpg,angry,sad,0.7526,neutral,0.4623
angry/angry_7269.jpg,angry,sad,0.6414,neutral,0.5306
angry/angry_7272.jpg,angry,angry,0.9125,sad,0.9939
angry/angry_7273.jpg,angry,angry,0.8743,sad,0.6998
angry/angry_7277.jpg,angry,sad,0.9884,sad,0.9075
angry/angry_7283.jpg,angry,angry,0.9979,angry,0.9966
angry/angry_7287.jpg,angry,fear,0.7297,happy,0.3183
angry/angry_7291.jpg,angry,angry,0.9457,angry,0.9969
angry/angry_7292.jpg,angry,angry,0.9803,sad,0.7147
angry/angry_7294.jpg,angry,angry,0.9953,angry,0.9939
angry/angry_7296.jpg,angry,neutral,0.9918,sad,0.9831
angry/angry_7305.jpg,angry,sad,0.9812,sad,0.7039
angry/angry_7307.jpg,angry,fear,0.4402,angry,0.9961
angry/angry_7310.jpg,angry,sad,0.947,sad,0.5417
angry/angry_7316.jpg,angry,angry,0.7527,angry,0.9001
angry/angry_7330.jpg,angry,sad,0.9931,sad,0.9417
angry/angry_7333.jpg,angry,sad,0.9655,sad,0.9922
angry/angry_7339.jpg,angry,fear,0.4976,fear,0.7051
angry/angry_7341.jpg,angry,sad,0.5527,sad,0.8987
angry/angry_7345.jpg,angry,angry,0.9809,angry,0.9412
angry/angry_7347.jpg,angry,sad,0.635,fear,0.9435
angry/angry_7350.jpg,angry,sad,0.9465,fear,0.9969
angry/angry_7374.jpg,angry,sad,0.4319,fear,0.8631
angry/angry_7377.jpg,angry,angry,0.6718,fear,0.5796
angry/angry_7393.jpg,angry,fear,0.4784,angry,0.7877
angry/angry_7411.jpg,angry,angry,0.3984,angry,0.9201
angry/angry_7427.jpg,angry,angry,0.5952,angry,0.803
angry/angry_7431.jpg,angry,neutral,0.5498,sad,0.421
angry/angry_7438.jpg,angry,surprise,0.5788,fear,0.7939
disgust/disgust_0001.jpg,disgust,sad,0.9369,sad,0.9916
disgust/disgust_0018.jpg,disgust,neutral,0.8867,sad,0.4482
disgust/disgust_0025.jpg,disgust,neutral,0.7242,sad,0.665
disgust/disgust_0035.jpg,disgust,sad,0.7775,sad,0.9975
disgust/disgust_0076.jpg,disgust,neutral,0.9728,fear,0.9665
disgust/disgust_0078.jpg,disgust,sad,0.8534,disgust,0.9311
disgust/disgust_0103.jpg,disgust,neutral,0.9644,sad,0.9767
disgust/disgust_0126.jpg,disgust,neutral,0.8617,fear,0.3181
disgust/disgust_0140.jpg,disgust,neutral,0.9981,sad,0.4192
disgust/disgust_0156.jpg,disgust,angry,0.9299,angry,0.5213
disgust/disgust_0157.jpg,disgust,sad,0.9551,sad,0.996
disgust/disgust_0164.jpg,disgust,sad,0.7989,sad,0.5553
disgust/disgust_0190.jpg,disgust,neutral,0.6808,sad,0.9886
disgust/disgust_0230.jpg,disgust,neutral,0.6014,fear,0.5924
disgust/disgust_0238.jpg,disgust,neutral,0.8427,fear,0.9542
disgust/disgust_0240.jpg,disgust,angry,0.4996,happy,0.3897
disgust/disgust_0265.jpg,disgust,fear,0.9268,surprise,0.6948
disgust/disgust_0268.jpg,disgust,sad,0.9666,neutral,0.9372
disgust/disgust_0280.jpg,disgust,neutral,0.4654,fear,0.8366
disgust/disgust_0292.jpg,disgust,neutral,0.8963,sad,0.8394
disgust/disgust_0294.jpg,disgust,neutral,0.5969,sad,0.9801
disgust/disgust_0295.jpg,disgust,sad,0.9795,sad,0.9929
disgust/disgust_0303.jpg,disgust,sad,0.9968,sad,0.998
disgust/disgust_0324.jpg,disgust,neutral,0.6501,sad,0.8115
disgust/disgust_0358.jpg,disgust,sad,0.9569,neutral,0.5319
disgust/disgust_0372.jpg,disgust,neutral,0.8629,fear,0.9793
disgust/disgust_0381.jpg,disgust,neutral,0.6906,angry,0.6997
disgust/disgust_0384.jpg,disgust,sad,0.4128,fear,0.8369
disgust/disgust_0430.jpg,disgust,angry,0.7514,angry,0.9613
disgust/disgust_0460.jpg,disgust,angry,0.9866,angry,0.6783
disgust/disgust_0466.jpg,disgust,sad,0.4242,angry,0.9938
disgust/disgust_0470.jpg,disgust,sad,0.9959,sad,0.9929
disgust/disgust_0477.jpg,disgust,fear,0.6934,fear,0.7533
disgust/disgust_0482.jpg,disgust,angry,0.7648,fear,0.8056
disgust/disgust_0493.jpg,disgust,fear,0.8175,fear,0.5602
disgust/disgust_0503.jpg,disgust,angry,0.7951,sad,0.7327
disgust/disgust_0511.jpg,disgust,neutral,0.938,neutral,0.9745
disgust/disgust_0519.jpg,disgust,angry,0.9613,angry,0.9303
disgust/disgust_0522.jpg,disgust,neutral,0.4609,sad,0.8226
disgust/disgust_0528.jpg,disgust,sad,0.6927,sad,0.5954
disgust/disgust_0538.jpg,disgust,fear,0.8841,fear,0.6234
disgust/disgust_0549.jpg,disgust,neutral,0.9933,fear,0.9952
disgust/disgust_0572.jpg,disgust,angry,0.6301,angry,0.5148
disgust/disgust_0575.jpg,disgust,sad,0.6631,fear,0.7896
disgust/disgust_0577.jpg,disgust,fear,0.7606,sad,0.6351
disgust/disgust_0608.jpg,disgust,sad,0.943,sad,0.8628
disgust/disgust_0634.jpg,disgust,fear,0.5143,surprise,0.8348
disgust/disgust_0668.jpg,disgust,neutral,0.9968,happy,0.4778
disgust/disgust_0670.jpg,disgust,surprise,0.6249,fear,0.9662
disgust/disgust_0684.jpg,disgust,surprise,0.8741,fear,0.7247
disgust/disgust_0685.jpg,disgust,neutral,0.9674,surprise,0.5219
disgust/disgust_0731.jpg,disgust,sad,0.5998,angry,0.9639
disgust/disgust_0780.jpg,disgust,sad,0.9612,angry,0.5571
disgust/disgust_0785.jpg,disgust,neutral,0.954,sad,0.954
disgust/disgust_0787.jpg,disgust,sad,0.5193,sad,0.5423
disgust/disgust_0792.jpg,disgust,angry,0.6238,angry,0.8279
disgust/disgust_0808.jpg,disgust,neutral,0.9395,fear,0.4487
disgust/disgust_0822.jpg,disgust,fear,0.6764,sad,0.837
disgust/disgust_0836.jpg,disgust,neutral,0.6981,sad,0.9977
disgust/disgust_0852.jpg,disgust,sad,0.8508,sad,0.8486
disgust/disgust_0860.jpg,disgust,neutral,0.6001,sad,0.6741
disgust/disgust_0868.jpg,disgust,sad,0.5645,fear,0.9411
disgust/disgust_0888.jpg,disgust,fear,0.9753,fear,0.8748
disgust/disgust_0907.jpg,disgust,sad,0.4439,neutral,0.4791
disgust/disgust_0931.jpg,disgust,angry,0.7439,sad,0.793
disgust/disgust_0960.jpg,disgust,sad,0.5893,neutral,0.4405
disgust/disgust_0963.jpg,disgust,sad,0.392,angry,0.6341
disgust/disgust_0982.jpg,disgust,angry,0.7181,fear,0.9687
disgust/disgust_0987.jpg,disgust,sad,0.9883,sad,0.8434
disgust/disgust_1002.jpg,disgust,neutral,0.9292,sad,0.4994
disgust/disgust_1041.jpg,disgust,neutral,0.7329,neutral,0.5018
disgust/disgust_1047.jpg,disgust,neutral,0.5241,sad,0.9408
disgust/disgust_1052.jpg,disgust,neutral,0.3671,disgust,0.4248
disgust/disgust_1065.jpg,disgust,sad,0.9716,sad,0.9997
disgust/disgust_1080.jpg,disgust,fear,0.741,fear,0.4454
disgust/disgust_1082.jpg,disgust,angry,0.3549,fear,0.4862
disgust/disgust_1091.jpg,disgust,angry,0.8078,angry,0.4906
disgust/disgust_1092.jpg,disgust,neutral,0.4021,fear,0.5417
disgust/disgust_1096.jpg,disgust,sad,0.4466,fear,0.634
disgust/disgust_1107.jpg,disgust,neutral,0.9474,angry,0.437
disgust/disgust_1108.jpg,disgust,fear,0.9755,fear,0.7169
disgust/disgust_1131.jpg,disgust,sad,0.9568,sad,0.8609
disgust/disgust_1140.jpg,disgust,sad,0.8457,sad,0.9207
disgust/disgust_1143.jpg,disgust,sad,0.6775,angry,0.965
disgust/disgust_1147.jpg,disgust,sad,0.7866,sad,0.7518
disgust/disgust_1149.jpg,disgust,sad,0.6833,sad,0.9969
disgust/disgust_1165.jpg,disgust,angry,0.5178,sad,0.85
disgust/disgust_1173.jpg,disgust,neutral,0.3863,surprise,0.6872
disgust/disgust_1203.jpg,disgust,surprise,0.7859,fear,0.5966
disgust/disgust_1222.jpg,disgust,sad,0.9417,sad,0.4519
disgust/disgust_1233.jpg,disgust,fear,0.5085,sad,0.8467
disgust/disgust_1252.jpg,disgust,angry,0.4512,neutral,0.4601
disgust/disgust_1257.jpg,disgust,surprise,0.7407,fear,0.5835
disgust/disgust_1280.jpg,disgust,sad,0.7915,sad,0.8092
disgust/disgust_1283.jpg,disgust,sad,0.9624,sad,0.9958
disgust/disgust_1302.jpg,disgust,sad,0.996,sad,0.9998
disgust/disgust_1326.jpg,disgust,angry,0.4831,angry,0.4793
disgust/disgust_1343.jpg,disgust,fear,0.4677,neutral,0.5169
disgust/disgust_1345.jpg,disgust,fear,0.669,sad,0.5905
disgust/disgust_1368.jpg,disgust,sad,0.6104,sad,0.9817
disgust/disgust_1374.jpg,disgust,angry,0.7626,sad,0.9517
disgust/disgust_1377.jpg,disgust,angry,0.5627,sad,0.4725
disgust/disgust_1382.jpg,disgust,sad,0.7721,sad,0.9992
disgust/disgust_1452.jpg,disgust,sad,0.4077,angry,0.963
disgust/disgust_1454.jpg,disgust,fear,0.4762,sad,0.3717
disgust/disgust_1465.jpg,disgust,sad,0.536,fear,0.9745
disgust/disgust_1469.jpg,disgust,neutral,0.5834,angry,0.5447
disgust/disgust_1491.jpg,disgust,angry,0.3551,fear,0.6669
disgust/disgust_1509.jpg,disgust,neutral,0.6325,angry,0.8248
disgust/disgust_1514.jpg,disgust,sad,0.9419,sad,0.9655
disgust/disgust_1521.jpg,disgust,sad,0.7734,angry,0.9448
disgust/disgust_1557.jpg,disgust,sad,0.602,sad,0.5717
disgust/disgust_1572.jpg,disgust,disgust,0.9347,disgust,0.8603
disgust/disgust_1582.jpg,disgust,fear,0.8761,fear,0.978
disgust/disgust_1584.jpg,disgust,fear,0.8713,fear,0.8359
disgust/disgust_1598.jpg,disgust,neutral,0.7551,neutral,0.5703
disgust/disgust_1609.jpg,disgust,angry,0.6216,angry,0.7193
disgust/disgust_1636.jpg,disgust,sad,0.9967,sad,0.9608
disgust/disgust_1638.jpg,disgust,sad,0.4974,fear,0.4811
disgust/disgust_1648.jpg,disgust,sad,0.47,fear,0.9077
disgust/disgust_1662.jpg,disgust,angry,0.5609,fear,0.747
disgust/disgust_1683.jpg,disgust,angry,0.5758,sad,0.4775
disgust/disgust_1694.jpg,disgust,sad,0.9621,fear,0.3869
disgust/disgust_1708.jpg,disgust,neutral,0.4164,neutral,0.6982
disgust/disgust_1714.jpg,disgust,fear,0.9824,fear,0.9651
disgust/disgust_1760.jpg,disgust,neutral,0.5816,sad,0.999
disgust/disgust_1764.jpg,disgust,fear,0.5389,fear,0.4412
disgust/disgust_1774.jpg,disgust,sad,0.7146,fear,0.4493
disgust/disgust_1818.jpg,disgust,neutral,0.9966,neutral,0.9695
disgust/disgust_1822.jpg,disgust,angry,0.5649,angry,0.9593
disgust/disgust_1831.jpg,disgust,angry,0.4439,fear,0.6841
disgust/disgust_1860.jpg,disgust,fear,0.5368,angry,0.4507
disgust/disgust_1873.jpg,disgust,sad,0.7832,sad,0.9673
disgust/disgust_1875.jpg,disgust,sad,0.8966,angry,0.4823
disgust/disgust_1878.jpg,disgust,sad,0.6608,happy,0.5085
disgust/disgust_1881.jpg,disgust,sad,0.8132,sad,0.995
disgust/disgust_1883.jpg,disgust,happy,0.4202,happy,0.7048
disgust/disgust_1921.jpg,disgust,neutral,0.4447,angry,0.5358
disgust/disgust_1936.jpg,disgust,neutral,0.8662,fear,0.8646
disgust/disgust_1941.jpg,disgust,neutral,0.8201,fear,0.8308
disgust/disgust_1944.jpg,disgust,sad,0.6902,angry,0.4217
disgust/disgust_1948.jpg,disgust,sad,0.976,sad,0.6643
disgust/disgust_1962.jpg,disgust,neutral,0.904,fear,0.9565
disgust/disgust_1971.jpg,disgust,sad,0.4578,sad,0.9322
disgust/disgust_1986.jpg,disgust,neutral,0.6585,sad,0.9834
disgust/disgust_1988.jpg,disgust,angry,0.3081,fear,0.7394
disgust/disgust_1998.jpg,disgust,sad,0.8001,sad,0.9964
disgust/disgust_1999.jpg,disgust,fear,0.2728,surprise,0.4173
disgust/disgust_2014.jpg,disgust,sad,0.9146,sad,0.9757
disgust/disgust_2018.jpg,disgust,fear,0.5823,angry,0.6265
disgust/disgust_2039.jpg,disgust,sad,0.6343,sad,0.9899
disgust/disgust_2060.jpg,disgust,sad,0.6175,sad,0.8179
disgust/disgust_2063.jpg,disgust,fear,0.9664,neutral,0.8997
disgust/disgust_2081.jpg,disgust,sad,0.3037,fear,0.416
disgust/disgust_2092.jpg,disgust,sad,0.4605,fear,0.7938
disgust/disgust_2145.jpg,disgust,neutral,0.6107,fear,0.7014
disgust/disgust_2147.jpg,disgust,fear,0.5135,fear,0.506
disgust/disgust_2150.jpg,disgust,neutral,0.7447,angry,0.8468
disgust/disgust_2153.jpg,disgust,sad,0.4541,sad,0.7587
disgust/disgust_2166.jpg,disgust,neutral,0.9877,fear,0.9032
disgust/disgust_2195.jpg,disgust,neutral,0.574,fear,0.61
disgust/disgust_2197.jpg,disgust,happy,0.7486,sad,0.9051
disgust/disgust_2199.jpg,disgust,sad,0.9209,sad,0.9507
disgust/disgust_2224.jpg,disgust,sad,0.9958,sad,0.9999
disgust/disgust_2225.jpg,disgust,angry,0.7787,angry,0.9191
disgust/disgust_2226.jpg,disgust,angry,0.9895,angry,0.996
disgust/disgust_2231.jpg,disgust,sad,0.5866,sad,0.9966
disgust/disgust_2241.jpg,disgust,sad,0.7984,sad,0.9446
disgust/disgust_2243.jpg,disgust,sad,0.917,sad,0.7527
disgust/disgust_2263.jpg,disgust,neutral,0.6412,sad,0.6617
disgust/disgust_2264.jpg,disgust,fear,0.7131,angry,0.8869
disgust/disgust_2283.jpg,disgust,sad,0.6199,sad,0.959
disgust/disgust_2286.jpg,disgust,happy,0.5746,angry,0.9757
disgust/disgust_2306.jpg,disgust,sad,0.8358,sad,0.7008
disgust/disgust_2330.jpg,disgust,neutral,0.9704,sad,0.9509
disgust/disgust_2331.jpg,disgust,neutral,0.7036,sad,0.7783
disgust/disgust_2348.jpg,disgust,sad,0.3971,sad,0.4059
disgust/disgust_2356.jpg,disgust,sad,0.8003,fear,0.6053
disgust/disgust_2371.jpg,disgust,sad,0.5771,fear,0.8689
disgust/disgust_2401.jpg,disgust,neutral,0.8282,neutral,0.4982
disgust/disgust_2403.jpg,disgust,sad,0.3667,sad,0.99
disgust/disgust_2407.jpg,disgust,sad,0.5756,fear,0.8329
disgust/disgust_2431.jpg,disgust,neutral,0.6047,fear,0.6926
disgust/disgust_2433.jpg,disgust,neutral,0.6907,sad,0.8401
disgust/disgust_2451.jpg,disgust,sad,0.7298,fear,0.5407
disgust/disgust_2463.jpg,disgust,neutral,0.8986,sad,0.8492
disgust/disgust_2466.jpg,disgust,angry,0.7966,sad,0.4492
disgust/disgust_2488.jpg,disgust,sad,0.7021,sad,0.9883
disgust/disgust_2522.jpg,disgust,neutral,0.8546,happy,0.4971
disgust/disgust_2526.jpg,disgust,angry,0.7626,sad,0.9517
disgust/disgust_2528.jpg,disgust,sad,0.5976,disgust,0.9776
disgust/disgust_2566.jpg,disgust,surprise,0.5408,surprise,0.896
disgust/disgust_2568.jpg,disgust,angry,0.4092,angry,0.9494
disgust/disgust_2572.jpg,disgust,neutral,0.5691,angry,0.9585
disgust/disgust_2573.jpg,disgust,sad,0.5293,fear,0.7759
disgust/disgust_2581.jpg,disgust,sad,0.8399,angry,0.8343
disgust/disgust_2587.jpg,disgust,neutral,0.4456,fear,0.5463
disgust/disgust_2593.jpg,disgust,neutral,0.8507,fear,0.9971
disgust/disgust_2604.jpg,disgust,sad,0.6292,sad,0.9877
disgust/disgust_2619.jpg,disgust,neutral,0.7,sad,0.6769
disgust/disgust_2630.jpg,disgust,fear,0.4026,sad,0.4354
disgust/disgust_2643.jpg,disgust,angry,0.3579,angry,0.9654
disgust/disgust_2645.jpg,disgust,sad,0.9245,sad,0.9173
disgust/disgust_2650.jpg,disgust,angry,0.4476,disgust,0.9021
disgust/disgust_2651.jpg,disgust,sad,0.9987,sad,0.9994
disgust/disgust_2655.jpg,disgust,angry,0.4732,fear,0.3207
disgust/disgust_2661.jpg,disgust,angry,0.6345,fear,0.5767
disgust/disgust_2673.jpg,disgust,fear,0.8888,fear,0.9175
disgust/disgust_2678.jpg,disgust,neutral,0.7523,neutral,0.5405
disgust/disgust_2692.jpg,disgust,sad,0.7641,sad,0.977
disgust/disgust_2700.jpg,disgust,neutral,0.3389,sad,0.5965
disgust/disgust_2701.jpg,disgust,sad,0.6955,fear,0.7487
disgust/disgust_2720.jpg,disgust,sad,0.7155,sad,0.9928
disgust/disgust_2733.jpg,disgust,sad,0.9989,sad,0.9998
disgust/disgust_2737.jpg,disgust,sad,0.9156,fear,0.8412
disgust/disgust_2753.jpg,disgust,fear,0.8924,angry,0.6263
disgust/disgust_2764.jpg,disgust,angry,0.4352,fear,0.9242
disgust/disgust_2780.jpg,disgust,sad,0.956,sad,0.715
disgust/disgust_2784.jpg,disgust,disgust,0.8449,fear,0.9238
disgust/disgust_2818.jpg,disgust,neutral,0.4677,sad,0.9919
disgust/disgust_2830.jpg,disgust,neutral,0.6645,sad,0.9835
disgust/disgust_2840.jpg,disgust,sad,0.9487,disgust,0.7166
disgust/disgust_2846.jpg,disgust,fear,0.538,sad,0.6515
disgust/disgust_2858.jpg,disgust,neutral,0.549,angry,0.8218
disgust/disgust_2868.jpg,disgust,neutral,0.476,sad,0.6429
disgust/disgust_2870.jpg,disgust,fear,0.4669,sad,0.9646
disgust/disgust_2882.jpg,disgust,angry,0.5633,sad,0.9374
disgust/disgust_2895.jpg,disgust,sad,0.7691,sad,0.9979
disgust/disgust_2897.jpg,disgust,sad,0.9986,sad,1.0
disgust/disgust_2900.jpg,disgust,sad,0.4792,angry,0.7886
disgust/disgust_2926.jpg,disgust,neutral,0.8874,fear,0.8852
disgust/disgust_2929.jpg,disgust,neutral,0.4325,neutral,0.4876
disgust/disgust_2934.jpg,disgust,fear,0.8843,sad,0.466
disgust/disgust_2962.jpg,disgust,angry,0.7304,angry,0.8021
disgust/disgust_2964.jpg,disgust,neutral,0.6203,fear,0.9935
disgust/disgust_2965.jpg,disgust,sad,0.9518,sad,0.6187
disgust/disgust_2966.jpg,disgust,sad,0.5643,disgust,0.6997
disgust/disgust_2969.jpg,disgust,sad,0.5813,sad,0.7111
disgust/disgust_3034.jpg,disgust,angry,0.8801,angry,0.4622
disgust/disgust_3071.jpg,disgust,sad,0.5667,angry,0.6514
disgust/disgust_3079.jpg,disgust,sad,0.6771,angry,0.9849
disgust/disgust_3086.jpg,disgust,fear,0.4925,happy,0.954
disgust/disgust_3101.jpg,disgust,sad,0.7974,neutral,0.4321
disgust/disgust_3105.jpg,disgust,neutral,0.7644,sad,0.7674
disgust/disgust_3143.jpg,disgust,sad,0.7799,sad,0.9957
disgust/disgust_3158.jpg,disgust,neutral,0.6449,sad,0.9516
disgust/disgust_3233.jpg,disgust,fear,0.4445,fear,0.8788
disgust/disgust_3441.jpg,disgust,sad,0.9822,sad,0.9886
disgust/disgust_3547.jpg,disgust,sad,0.7431,sad,0.6384
fear/fear_0019.jpg,fear,fear,0.9777,fear,0.912
fear/fear_0020.jpg,fear,sad,0.378,sad,0.4931
fear/fear_0024.jpg,fear,fear,0.663,fear,0.9908
fear/fear_0033.jpg,fear,fear,0.9789,fear,0.9886
fear/fear_0051.jpg,fear,fear,0.6824,fear,0.736
fear/fear_0054.jpg,fear,sad,0.5462,fear,0.8017
fear/fear_0058.jpg,fear,surprise,0.4558,fear,0.7678
fear/fear_0059.jpg,fear,fear,0.7764,fear,0.4689
fear/fear_0103.jpg,fear,fear,0.5751,fear,0.9572
fear/fear_0110.jpg,fear,sad,0.7697,sad,0.9159
fear/fear_0127.jpg,fear,angry,0.6687,angry,0.9503
fear/fear_0133.jpg,fear,fear,0.5756,surprise,0.4859
fear/fear_0136.jpg,fear,fear,0.9232,fear,0.756
fear/fear_0137.jpg,fear,fear,0.6856,fear,0.9778
fear/fear_0148.jpg,fear,surprise,0.6628,surprise,0.7873
fear/fear_0155.jpg,fear,fear,0.8878,fear,0.9985
fear/fear_0177.jpg,fear,fear,0.9568,fear,0.9935
fear/fear_0178.jpg,fear,fear,0.5222,fear,0.6763
fear/fear_0191.jpg,fear,sad,0.5008,sad,0.9219
fear/fear_0197.jpg,fear,fear,0.8697,fear,0.9646
fear/fear_0199.jpg,fear,fear,0.9487,fear,0.9711
fear/fear_0205.jpg,fear,fear,0.8922,fear,0.9088
fear/fear_0207.jpg,fear,fear,0.7332,fear,0.9979
fear/fear_0217.jpg,fear,fear,0.9886,fear,0.7829
fear/fear_0227.jpg,fear,fear,0.3925,fear,0.8865
fear/fear_0236.jpg,fear,neutral,0.6177,sad,0.9695
fear/fear_0250.jpg,fear,surprise,0.8432,fear,0.4309
fear/fear_0253.jpg,fear,fear,0.3679,fear,0.9639
fear/fear_0255.jpg,fear,fear,0.879,fear,0.9923
fear/fear_0265.jpg,fear,fear,0.6024,neutral,0.3911
fear/fear_0277.jpg,fear,surprise,0.57,fear,0.9985
fear/fear_0292.jpg,fear,sad,0.8249,neutral,0.5503
fear/fear_0308.jpg,fear,neutral,0.6415,fear,0.5786
fear/fear_0315.jpg,fear,fear,0.681,fear,0.6867
fear/fear_0327.jpg,fear,fear,0.4092,fear,0.8288
fear/fear_0352.jpg,fear,fear,0.6639,fear,0.6385
fear/fear_0367.jpg,fear,fear,0.7041,fear,0.8193
fear/fear_0368.jpg,fear,surprise,0.4866,surprise,0.3916
fear/fear_0375.jpg,fear,fear,0.9839,fear,0.9938
fear/fear_0380.jpg,fear,fear,0.7825,fear,0.6324
fear/fear_0382.jpg,fear,fear,0.9875,fear,0.9949
fear/fear_0397.jpg,fear,fear,0.853,fear,0.8257
fear/fear_0406.jpg,fear,fear,0.484,fear,0.884
fear/fear_0413.jpg,fear,neutral,0.9549,fear,0.7542
fear/fear_0415.jpg,fear,fear,0.9257,fear,0.7737
fear/fear_0416.jpg,fear,fear,0.8171,fear,0.9542
fear/fear_0426.jpg,fear,fear,0.5025,fear,0.9715
fear/fear_0438.jpg,fear,neutral,0.5462,surprise,0.4801
fear/fear_0444.jpg,fear,surprise,0.6284,neutral,0.8471
fear/fear_0460.jpg,fear,neutral,0.6259,fear,0.7494
fear/fear_0466.jpg,fear,fear,0.7664,neutral,0.9553
fear/fear_0471.jpg,fear,fear,0.9891,sad,0.7065
fear/fear_0475.jpg,fear,fear,0.9089,fear,0.6562
fear/fear_0481.jpg,fear,fear,0.8561,surprise,0.8793
fear/fear_0484.jpg,fear,fear,0.5601,fear,0.9974
fear/fear_0490.jpg,fear,neutral,0.4757,fear,0.9669
fear/fear_0496.jpg,fear,fear,0.593,fear,0.9943
fear/fear_0504.jpg,fear,fear,0.6719,fear,0.6246
fear/fear_0506.jpg,fear,fear,0.7694,fear,0.9681
fear/fear_0516.jpg,fear,surprise,0.7759,fear,0.9794
fear/fear_0517.jpg,fear,fear,0.9185,fear,0.9728
fear/fear_0524.jpg,fear,neutral,0.7453,fear,0.4606
fear/fear_0529.jpg,fear,sad,0.9919,sad,0.9996
fear/fear_0532.jpg,fear,fear,0.9752,sad,0.7433
fear/fear_0553.jpg,fear,fear,0.9932,fear,0.9994
fear/fear_0558.jpg,fear,surprise,0.8435,fear,0.8944
fear/fear_0571.jpg,fear,fear,0.9708,fear,0.8636
fear/fear_0586.jpg,fear,fear,0.8461,fear,0.9267
fear/fear_0589.jpg,fear,fear,0.9236,fear,0.9989
fear/fear_0590.jpg,fear,fear,0.4613,fear,0.8235
fear/fear_0595.jpg,fear,neutral,0.4818,fear,0.9847
fear/fear_0610.jpg,fear,neutral,0.6838,fear,0.9792
fear/fear_0636.jpg,fear,surprise,0.5793,fear,0.6521
fear/fear_0638.jpg,fear,surprise,0.5823,fear,0.7769
fear/fear_0653.jpg,fear,fear,0.9629,sad,0.5245
fear/fear_0657.jpg,fear,fear,0.7644,fear,0.9381
fear/fear_0659.jpg,fear,fear,0.8605,fear,0.9985
fear/fear_0670.jpg,fear,fear,0.8661,fear,0.9868
fear/fear_0693.jpg,fear,fear,0.9904,sad,0.9621
fear/fear_0700.jpg,fear,surprise,0.5696,surprise,0.748
fear/fear_0702.jpg,fear,fear,0.9761,surprise,0.9543
fear/fear_0708.jpg,fear,fear,0.9824,fear,0.9921
fear/fear_0728.jpg,fear,surprise,0.79,surprise,0.9473
fear/fear_0741.jpg,fear,fear,0.79,neutral,0.8616
fear/fear_0748.jpg,fear,fear,0.7659,fear,0.9986
fear/fear_0765.jpg,fear,neutral,0.5731,fear,0.7378
fear/fear_0778.jpg,fear,fear,0.8224,fear,0.8516
fear/fear_0790.jpg,fear,fear,0.7092,fear,0.991
fear/fear_0795.jpg,fear,sad,0.911,sad,0.8956
fear/fear_0798.jpg,fear,sad,0.4453,fear,0.8789
fear/fear_0810.jpg,fear,fear,0.7258,fear,0.9852
fear/fear_0815.jpg,fear,fear,0.613,fear,0.5756
fear/fear_0819.jpg,fear,fear,0.8618,fear,0.5096
fear/fear_0823.jpg,fear,fear,0.8613,fear,0.8888
fear/fear_0828.jpg,fear,fear,0.5527,fear,0.9978
fear/fear_0830.jpg,fear,sad,0.9541,fear,0.9959
fear/fear_0831.jpg,fear,surprise,0.5828,fear,0.8877
fear/fear_0835.jpg,fear,fear,0.4062,fear,0.6114
fear/fear_0848.jpg,fear,fear,0.8428,sad,0.9512
fear/fear_0861.jpg,fear,fear,0.9527,fear,0.5703
fear/fear_0868.jpg,fear,neutral,0.5103,fear,0.9898
fear/fear_0869.jpg,fear,fear,0.8893,fear,0.9885
fear/fear_0872.jpg,fear,fear,0.8954,fear,0.9944
fear/fear_0873.jpg,fear,fear,0.5515,fear,0.5683
fear/fear_0901.jpg,fear,fear,0.6663,fear,0.9451
fear/fear_0910.jpg,fear,fear,0.8671,fear,0.9105
fear/fear_0911.jpg,fear,fear,0.9077,sad,0.9058
fear/fear_0914.jpg,fear,fear,0.9471,fear,0.5522
fear/fear_0920.jpg,fear,fear,0.8961,sad,0.9836
fear/fear_0922.jpg,fear,fear,0.9826,fear,0.9974
fear/fear_0925.jpg,fear,neutral,0.5786,sad,0.4884
fear/fear_0929.jpg,fear,fear,0.8868,fear,0.7624
fear/fear_0939.jpg,fear,neutral,0.5588,happy,0.4562
fear/fear_0952.jpg,fear,neutral,0.8863,sad,0.6522
fear/fear_0973.jpg,fear,fear,0.9616,fear,0.8373
fear/fear_0982.jpg,fear,angry,0.7943,angry,0.7955
fear/fear_1008.jpg,fear,fear,0.991,fear,0.9775
fear/fear_1035.jpg,fear,fear,0.9322,fear,0.9971
fear/fear_1043.jpg,fear,neutral,0.6857,fear,0.9975
fear/fear_1045.jpg,fear,fear,0.9059,fear,0.9944
fear/fear_1046.jpg,fear,fear,0.6714,fear,0.7575
fear/fear_1048.jpg,fear,surprise,0.5119,fear,0.9372
fear/fear_1090.jpg,fear,fear,0.8895,fear,0.9581
fear/fear_1103.jpg,fear,fear,0.9643,fear,0.9823
fear/fear_1108.jpg,fear,surprise,0.7152,fear,0.5146
fear/fear_1145.jpg,fear,angry,0.4927,sad,0.8308
fear/fear_1154.jpg,fear,fear,0.5994,surprise,0.9147
fear/fear_1162.jpg,fear,fear,0.8636,fear,0.6708
fear/fear_1166.jpg,fear,fear,0.9283,fear,0.9813
fear/fear_1168.jpg,fear,fear,0.9747,fear,0.9967
fear/fear_1170.jpg,fear,fear,0.4973,fear,0.9967
fear/fear_1202.jpg,fear,fear,0.9778,fear,0.9947
fear/fear_1209.jpg,fear,fear,0.9144,fear,0.9963
fear/fear_1217.jpg,fear,surprise,0.5385,angry,0.4968
fear/fear_1231.jpg,fear,fear,0.9182,fear,0.842
fear/fear_1232.jpg,fear,fear,0.7391,surprise,0.5046
fear/fear_1235.jpg,fear,neutral,0.7748,angry,0.8018
fear/fear_1243.jpg,fear,neutral,0.473,sad,0.4052
fear/fear_1252.jpg,fear,surprise,0.7293,fear,0.4604
fear/fear_1267.jpg,fear,fear,0.9171,fear,0.9596
fear/fear_1269.jpg,fear,fear,0.8883,fear,0.9725
fear/fear_1282.jpg,fear,fear,0.878,fear,0.9828
fear/fear_1301.jpg,fear,fear,0.831,fear,0.9874
fear/fear_1308.jpg,fear,fear,0.5124,sad,0.7214
fear/fear_1328.jpg,fear,surprise,0.5979,fear,0.5068
fear/fear_1329.jpg,fear,fear,0.6829,surprise,0.6892
fear/fear_1334.jpg,fear,surprise,0.6298,fear,0.965
fear/fear_1338.jpg,fear,surprise,0.5731,fear,0.8327
fear/fear_1349.jpg,fear,fear,0.9989,fear,0.998
fear/fear_1370.jpg,fear,fear,0.8239,fear,0.6897
fear/fear_1393.jpg,fear,surprise,0.8062,fear,0.9187
fear/fear_1400.jpg,fear,surprise,0.4381,fear,0.8823
fear/fear_1405.jpg,fear,neutral,0.6196,neutral,0.9417
fear/fear_1420.jpg,fear,fear,0.9177,sad,0.7826
fear/fear_1443.jpg,fear,fear,0.8725,fear,0.8622
fear/fear_1453.jpg,fear,fear,0.8279,fear,0.8712
fear/fear_1458.jpg,fear,sad,0.5383,fear,0.8634
fear/fear_1463.jpg,fear,fear,0.961,fear,0.9989
fear/fear_1478.jpg,fear,fear,0.9592,fear,0.9971
fear/fear_1479.jpg,fear,neutral,0.498,fear,0.9963
fear/fear_1482.jpg,fear,neutral,0.448,surprise,0.7365
fear/fear_1495.jpg,fear,neutral,0.7636,fear,0.8548
fear/fear_1502.jpg,fear,fear,0.8627,surprise,0.7475
fear/fear_1508.jpg,fear,fear,0.9063,fear,0.9983
fear/fear_1516.jpg,fear,fear,0.9505,fear,0.8652
fear/fear_1520.jpg,fear,fear,0.9767,fear,0.9588
fear/fear_1526.jpg,fear,fear,0.5739,fear,0.8288
fear/fear_1527.jpg,fear,fear,0.9537,fear,0.9887
fear/fear_1536.jpg,fear,fear,0.9575,fear,0.9989
fear/fear_1547.jpg,fear,sad,0.9689,sad,0.9994
fear/fear_1554.jpg,fear,fear,0.9948,fear,0.9329
fear/fear_1560.jpg,fear,surprise,0.45,fear,0.9988
fear/fear_1569.jpg,fear,neutral,0.9485,surprise,0.5732
fear/fear_1577.jpg,fear,fear,0.997,fear,0.9995
fear/fear_1584.jpg,fear,fear,0.9575,fear,0.9989
fear/fear_1598.jpg,fear,fear,0.5515,fear,0.63
fear/fear_1615.jpg,fear,fear,0.7008,surprise,0.6324
fear/fear_1627.jpg,fear,fear,0.9233,fear,0.9976
fear/fear_1632.jpg,fear,neutral,0.5991,fear,0.9733
fear/fear_1642.jpg,fear,fear,0.9728,fear,0.54
fear/fear_1645.jpg,fear,surprise,0.9811,fear,0.8592
fear/fear_1646.jpg,fear,neutral,0.7776,fear,0.6229
fear/fear_1650.jpg,fear,angry,0.3706,surprise,0.6828
fear/fear_1652.jpg,fear,surprise,0.9234,surprise,0.7552
fear/fear_1656.jpg,fear,surprise,0.4647,angry,0.2413
fear/fear_1659.jpg,fear,fear,0.9669,sad,0.5051
fear/fear_1671.jpg,fear,fear,0.9904,fear,0.8901
fear/fear_1678.jpg,fear,fear,0.5886,fear,0.776
fear/fear_1707.jpg,fear,fear,0.8349,fear,0.984
fear/fear_1708.jpg,fear,fear,0.9791,fear,0.9847
fear/fear_1733.jpg,fear,fear,0.6519,fear,0.9955
fear/fear_1735.jpg,fear,fear,0.9897,fear,0.9992
fear/fear_1764.jpg,fear,sad,0.7819,sad,0.6075
fear/fear_1795.jpg,fear,neutral,0.4707,surprise,0.8763
fear/fear_1817.jpg,fear,fear,0.9558,fear,0.9725
fear/fear_1819.jpg,fear,fear,0.9318,sad,0.8683
fear/fear_1843.jpg,fear,sad,0.5698,sad,0.6358
fear/fear_1846.jpg,fear,fear,0.9807,fear,0.991
fear/fear_1856.jpg,fear,angry,0.9431,angry,0.9405
fear/fear_1857.jpg,fear,neutral,0.4868,fear,0.9808
fear/fear_1885.jpg,fear,surprise,0.8409,surprise,0.3978
fear/fear_1893.jpg,fear,fear,0.9628,fear,0.5083
fear/fear_1895.jpg,fear,neutral,0.5121,fear,0.7651
fear/fear_1901.jpg,fear,fear,0.9844,fear,0.776
fear/fear_1919.jpg,fear,fear,0.9497,fear,0.994
fear/fear_1940.jpg,fear,fear,0.8072,fear,0.9442
fear/fear_1950.jpg,fear,fear,0.9747,sad,0.509
fear/fear_1973.jpg,fear,fear,0.8842,fear,0.7592
fear/fear_1981.jpg,fear,surprise,0.7115,fear,0.8187
fear/fear_1987.jpg,fear,fear,0.9775,fear,0.9954
fear/fear_1990.jpg,fear,fear,0.8976,fear,0.9876
fear/fear_1992.jpg,fear,fear,0.6648,surprise,0.4947
fear/fear_2024.jpg,fear,fear,0.7842,fear,0.821
fear/fear_2037.jpg,fear,surprise,0.9514,fear,0.9632
fear/fear_2040.jpg,fear,surprise,0.8712,surprise,0.8367
fear/fear_2060.jpg,fear,sad,0.7689,fear,0.7032
fear/fear_2079.jpg,fear,fear,0.9669,sad,0.5051
fear/fear_2092.jpg,fear,fear,0.9946,surprise,0.5641
fear/fear_2105.jpg,fear,fear,0.8203,surprise,0.3438
fear/fear_2107.jpg,fear,surprise,0.865,surprise,0.5578
fear/fear_2108.jpg,fear,fear,0.6789,fear,0.9874
fear/fear_2119.jpg,fear,fear,0.9084,fear,0.9946
fear/fear_2130.jpg,fear,fear,0.8903,fear,0.997
fear/fear_2131.jpg,fear,fear,0.8028,surprise,0.5442
fear/fear_2157.jpg,fear,fear,0.8257,angry,0.6582
fear/fear_2164.jpg,fear,fear,0.7785,fear,0.9912
fear/fear_2171.jpg,fear,sad,0.9523,sad,0.4795
fear/fear_2172.jpg,fear,fear,0.5856,fear,0.5986
fear/fear_2175.jpg,fear,surprise,0.6802,angry,0.4801
fear/fear_2178.jpg,fear,fear,0.4685,fear,0.6773
fear/fear_2192.jpg,fear,surprise,0.5771,fear,0.5848
fear/fear_2197.jpg,fear,fear,0.993,fear,0.9373
fear/fear_2226.jpg,fear,fear,0.9906,fear,0.961
fear/fear_2239.jpg,fear,fear,0.9483,fear,0.836
fear/fear_2249.jpg,fear,surprise,0.4514,fear,0.9127
fear/fear_2255.jpg,fear,fear,0.9475,fear,0.9877
fear/fear_2261.jpg,fear,surprise,0.6211,fear,0.4957
fear/fear_2275.jpg,fear,fear,0.736,surprise,0.9769
fear/fear_2282.jpg,fear,surprise,0.5095,fear,0.736
fear/fear_2293.jpg,fear,fear,0.9532,fear,0.9754
fear/fear_2300.jpg,fear,fear,0.7186,fear,0.688
fear/fear_2303.jpg,fear,fear,0.9917,fear,0.9978
fear/fear_2316.jpg,fear,fear,0.6362,fear,0.9795
fear/fear_2319.jpg,fear,fear,0.782,fear,0.9891
fear/fear_2342.jpg,fear,fear,0.7091,fear,0.9803
fear/fear_2343.jpg,fear,fear,0.9689,fear,0.9963
fear/fear_2348.jpg,fear,fear,0.5459,fear,0.7252
fear/fear_2354.jpg,fear,fear,0.6563,surprise,0.8162
fear/fear_2357.jpg,fear,fear,0.8881,fear,0.9888
happy/happy_0004.jpg,happy,neutral,0.5449,neutral,0.4862
happy/happy_0010.jpg,happy,neutral,0.9801,fear,0.5228
happy/happy_0013.jpg,happy,neutral,0.9724,sad,0.978
happy/happy_0016.jpg,happy,fear,0.4336,fear,0.8222
happy/happy_0020.jpg,happy,neutral,0.7925,neutral,0.5432
happy/happy_0023.jpg,happy,sad,0.3915,neutral,0.9136
happy/happy_0034.jpg,happy,neutral,0.9601,fear,0.6612
happy/happy_0035.jpg,happy,neutral,0.9885,fear,0.9674
happy/happy_0036.jpg,happy,neutral,0.8802,fear,0.5031
happy/happy_0039.jpg,happy,fear,0.5241,fear,0.7262
happy/happy_0058.jpg,happy,neutral,0.9071,sad,0.7386
happy/happy_0063.jpg,happy,sad,0.5353,sad,0.8177
happy/happy_0069.jpg,happy,neutral,0.9872,fear,0.4334
happy/happy_0073.jpg,happy,neutral,0.7195,fear,0.6609
happy/happy_0077.jpg,happy,disgust,0.4076,sad,0.5363
happy/happy_0078.jpg,happy,fear,0.6409,happy,0.6319
happy/happy_0085.jpg,happy,sad,0.645,sad,0.6218
happy/happy_0094.jpg,happy,neutral,0.9036,neutral,0.3824
happy/happy_0114.jpg,happy,neutral,0.8977,sad,0.9561
happy/happy_0118.jpg,happy,neutral,0.9824,sad,0.8538
happy/happy_0126.jpg,happy,fear,0.5547,neutral,0.9609
happy/happy_0131.jpg,happy,neutral,0.6622,fear,0.9661
happy/happy_0141.jpg,happy,neutral,0.9191,neutral,0.8352
happy/happy_0144.jpg,happy,neutral,0.8441,sad,0.5443
happy/happy_0148.jpg,happy,neutral,0.683,sad,0.7726
happy/happy_0159.jpg,happy,neutral,0.8,happy,0.7346
happy/happy_0165.jpg,happy,neutral,0.9818,neutral,0.3834
happy/happy_0181.jpg,happy,surprise,0.4491,fear,0.9671
happy/happy_0183.jpg,happy,neutral,0.5238,happy,0.8754
happy/happy_0188.jpg,happy,neutral,0.9966,sad,0.9151
happy/happy_0193.jpg,happy,fear,0.8119,fear,0.8898
happy/happy_0216.jpg,happy,happy,0.8531,happy,0.5054
happy/happy_0219.jpg,happy,sad,0.8423,sad,0.9445
happy/happy_0223.jpg,happy,neutral,0.9035,fear,0.5865
happy/happy_0237.jpg,happy,angry,0.4539,happy,0.7458
happy/happy_0243.jpg,happy,neutral,0.9987,neutral,0.9157
happy/happy_0249.jpg,happy,neutral,0.516,fear,0.6776
happy/happy_0268.jpg,happy,sad,0.4466,sad,0.7446
happy/happy_0276.jpg,happy,sad,0.9268,sad,0.626
happy/happy_0295.jpg,happy,neutral,0.681,sad,0.9858
happy/happy_0313.jpg,happy,sad,0.9844,sad,0.9995
happy/happy_0322.jpg,happy,neutral,0.9799,surprise,0.4165
happy/happy_0330.jpg,happy,neutral,0.9393,neutral,0.7396
happy/happy_0334.jpg,happy,happy,0.5545,sad,0.7304
happy/happy_0337.jpg,happy,neutral,0.9971,neutral,0.711
happy/happy_0339.jpg,happy,happy,0.6931,sad,0.9962
happy/happy_0342.jpg,happy,neutral,0.9817,sad,0.7524
happy/happy_0367.jpg,happy,neutral,0.9946,neutral,0.9169
happy/happy_0373.jpg,happy,happy,0.4159,fear,0.9875
happy/happy_0382.jpg,happy,neutral,0.996,fear,0.9033
happy/happy_0391.jpg,happy,neutral,0.8719,fear,0.7539
happy/happy_0396.jpg,happy,fear,0.5754,fear,0.8939
happy/happy_0408.jpg,happy,fear,0.4362,neutral,0.4652
happy/happy_0412.jpg,happy,fear,0.7874,fear,0.992
happy/happy_0421.jpg,happy,neutral,0.821,happy,0.9511
happy/happy_0429.jpg,happy,neutral,0.9109,neutral,0.8084
happy/happy_0444.jpg,happy,neutral,0.9868,fear,0.9961
happy/happy_0454.jpg,happy,neutral,0.9545,sad,0.9303
happy/happy_0466.jpg,happy,neutral,0.4396,neutral,0.4518
happy/happy_0467.jpg,happy,sad,0.9457,happy,0.9606
happy/happy_0470.jpg,happy,neutral,0.978,neutral,0.9671
happy/happy_0472.jpg,happy,neutral,0.8829,sad,0.4181
happy/happy_0487.jpg,happy,angry,0.5115,sad,0.4784
happy/happy_0494.jpg,happy,neutral,0.9982,fear,0.7846
happy/happy_0503.jpg,happy,sad,0.383,neutral,0.5739
happy/happy_0513.jpg,happy,fear,0.6364,fear,0.9207
happy/happy_0519.jpg,happy,neutral,0.6943,neutral,0.898
happy/happy_0521.jpg,happy,neutral,0.9693,neutral,0.8403
happy/happy_0525.jpg,happy,sad,0.6438,happy,0.9055
happy/happy_0530.jpg,happy,fear,0.646,fear,0.9917
happy/happy_0550.jpg,happy,neutral,0.9621,neutral,0.9482
happy/happy_0555.jpg,happy,neutral,0.9417,neutral,0.7714
happy/happy_0558.jpg,happy,neutral,0.9991,sad,0.9939
happy/happy_0563.jpg,happy,neutral,0.5594,sad,0.9793
happy/happy_0566.jpg,happy,neutral,0.9864,angry,0.662
happy/happy_0569.jpg,happy,neutral,0.9585,fear,0.4783
happy/happy_0571.jpg,happy,neutral,0.49,sad,0.7103
happy/happy_0583.jpg,happy,neutral,0.7297,fear,0.9854
happy/happy_0584.jpg,happy,sad,0.9841,sad,0.9999
happy/happy_0599.jpg,happy,neutral,0.469,sad,0.6074
happy/happy_0619.jpg,happy,sad,0.4935,sad,0.9899
happy/happy_0631.jpg,happy,fear,0.4683,happy,0.6939
happy/happy_0637.jpg,happy,neutral,0.8027,neutral,0.4547
happy/happy_0662.jpg,happy,neutral,0.9796,fear,0.9309
happy/happy_0663.jpg,happy,sad,0.7379,neutral,0.9892
happy/happy_0675.jpg,happy,neutral,0.9767,fear,0.9089
happy/happy_0676.jpg,happy,neutral,0.6957,fear,0.7947
happy/happy_0687.jpg,happy,neutral,0.9545,neutral,0.7781
happy/happy_0711.jpg,happy,neutral,0.6017,sad,0.9477
happy/happy_0727.jpg,happy,sad,0.6828,sad,0.9748
happy/happy_0731.jpg,happy,sad,0.6082,sad,0.9902
happy/happy_0736.jpg,happy,fear,0.6726,fear,0.6076
happy/happy_0742.jpg,happy,sad,0.4887,sad,0.9826
happy/happy_0757.jpg,happy,neutral,0.9728,sad,0.7583
happy/happy_0760.jpg,happy,neutral,0.8454,fear,0.8095
happy/happy_0763.jpg,happy,neutral,0.9614,neutral,0.8483
happy/happy_0775.jpg,happy,neutral,0.8708,neutral,0.9296
happy/happy_0787.jpg,happy,neutral,0.8742,sad,0.3527
happy/happy_0792.jpg,happy,neutral,0.4777,fear,0.8431
happy/happy_0795.jpg,happy,neutral,0.9733,fear,0.3595
happy/happy_0805.jpg,happy,sad,0.6334,fear,0.5059
happy/happy_0807.jpg,happy,neutral,0.9146,sad,0.4593
happy/happy_0809.jpg,happy,neutral,0.7119,neutral,0.634
happy/happy_0814.jpg,happy,sad,0.4543,fear,0.9723
happy/happy_0817.jpg,happy,fear,0.6818,sad,0.9782
happy/happy_0820.jpg,happy,neutral,0.9892,neutral,0.9315
happy/happy_0821.jpg,happy,neutral,0.8631,fear,0.558
happy/happy_0834.jpg,happy,happy,0.4655,fear,0.7391
happy/happy_0845.jpg,happy,neutral,0.9417,fear,0.9954
happy/happy_0853.jpg,happy,neutral,0.3979,neutral,0.5819
happy/happy_0857.jpg,happy,sad,0.9869,sad,1.0
happy/happy_0858.jpg,happy,neutral,0.9889,fear,0.7181
happy/happy_0860.jpg,happy,sad,0.6242,sad,0.9981
happy/happy_0874.jpg,happy,fear,0.6125,neutral,0.8964
happy/happy_0876.jpg,happy,sad,0.6434,sad,0.7203
happy/happy_0883.jpg,happy,neutral,0.9799,fear,0.947
happy/happy_0890.jpg,happy,neutral,0.3813,fear,0.7981
happy/happy_0903.jpg,happy,fear,0.8212,angry,0.746
happy/happy_0908.jpg,happy,neutral,0.973,fear,0.6129
happy/happy_0912.jpg,happy,fear,0.5393,neutral,0.6391
happy/happy_0916.jpg,happy,neutral,0.9963,neutral,0.9987
happy/happy_0928.jpg,happy,sad,0.4137,fear,0.6314
happy/happy_0930.jpg,happy,fear,0.319,fear,0.9191
happy/happy_0933.jpg,happy,fear,0.9692,fear,0.9972
happy/happy_0938.jpg,happy,neutral,0.9965,happy,0.4292
happy/happy_0954.jpg,happy,fear,0.611,fear,0.2768
happy/happy_0955.jpg,happy,neutral,0.443,sad,0.9218
happy/happy_0956.jpg,happy,neutral,0.7072,fear,0.8882
happy/happy_0967.jpg,happy,neutral,0.8779,neutral,0.9567
happy/happy_0978.jpg,happy,fear,0.8257,angry,0.4488
happy/happy_0982.jpg,happy,neutral,0.9718,neutral,0.4815
happy/happy_0984.jpg,happy,neutral,0.9866,neutral,0.6628
happy/happy_0994.jpg,happy,fear,0.8752,fear,0.9992
happy/happy_0995.jpg,happy,neutral,0.9818,neutral,0.4436
happy/happy_1008.jpg,happy,neutral,0.6561,sad,0.6834
happy/happy_1011.jpg,happy,neutral,0.8959,fear,0.8199
happy/happy_1017.jpg,happy,neutral,0.8641,sad,0.7976
happy/happy_1019.jpg,happy,neutral,0.881,fear,0.8062
happy/happy_1031.jpg,happy,neutral,0.8306,sad,0.9053
happy/happy_1076.jpg,happy,fear,0.6748,fear,0.5465
happy/happy_1084.jpg,happy,fear,0.6758,fear,0.9101
happy/happy_1094.jpg,happy,neutral,0.7077,neutral,0.5181
happy/happy_1097.jpg,happy,neutral,0.3648,fear,0.8331
happy/happy_1114.jpg,happy,fear,0.4438,happy,0.7923
happy/happy_1116.jpg,happy,neutral,0.5241,fear,0.6357
happy/happy_1122.jpg,happy,neutral,0.481,neutral,0.7343
happy/happy_1123.jpg,happy,neutral,0.9599,neutral,0.698
happy/happy_1139.jpg,happy,neutral,0.4944,sad,0.9468
happy/happy_1142.jpg,happy,sad,0.7773,neutral,0.8642
happy/happy_1166.jpg,happy,neutral,0.5526,sad,0.9123
happy/happy_1171.jpg,happy,fear,0.7253,fear,0.8274
happy/happy_1172.jpg,happy,neutral,0.9589,neutral,0.8824
happy/happy_1177.jpg,happy,neutral,0.5451,sad,0.5407
happy/happy_1185.jpg,happy,neutral,0.9996,sad,0.3691
happy/happy_1196.jpg,happy,neutral,0.8867,neutral,0.9934
happy/happy_1197.jpg,happy,neutral,0.9171,fear,0.7822
happy/happy_1213.jpg,happy,neutral,0.9795,fear,0.6265
happy/happy_1219.jpg,happy,neutral,0.4966,sad,0.4915
happy/happy_1228.jpg,happy,neutral,0.9929,neutral,0.5949
happy/happy_1233.jpg,happy,neutral,0.9318,neutral,0.613
happy/happy_1234.jpg,happy,neutral,0.9226,fear,0.952
happy/happy_1237.jpg,happy,sad,0.6977,sad,0.9145
happy/happy_1249.jpg,happy,neutral,0.9788,fear,0.9874
happy/happy_1250.jpg,happy,neutral,0.879,sad,0.525
happy/happy_1257.jpg,happy,neutral,0.7577,fear,0.4587
happy/happy_1263.jpg,happy,neutral,0.99,neutral,0.7608
happy/happy_1264.jpg,happy,neutral,0.6012,happy,0.3608
happy/happy_1276.jpg,happy,neutral,0.9024,neutral,0.999
happy/happy_1291.jpg,happy,sad,0.7445,happy,0.8337
happy/happy_1309.jpg,happy,neutral,0.7884,neutral,0.7675
happy/happy_1310.jpg,happy,sad,0.621,sad,0.9509
happy/happy_1315.jpg,happy,fear,0.9566,fear,0.6671
happy/happy_1320.jpg,happy,angry,0.4701,fear,0.9284
happy/happy_1325.jpg,happy,neutral,0.8677,sad,0.9665
happy/happy_1326.jpg,happy,neutral,0.878,happy,0.7783
happy/happy_1337.jpg,happy,neutral,0.9847,sad,0.737
happy/happy_1340.jpg,happy,neutral,0.9851,sad,0.6566
happy/happy_1361.jpg,happy,neutral,0.9953,fear,0.5915
happy/happy_1362.jpg,happy,neutral,0.8893,sad,0.7865
happy/happy_1370.jpg,happy,fear,0.4668,fear,0.8872
happy/happy_1373.jpg,happy,angry,0.9016,happy,0.9716
happy/happy_1374.jpg,happy,neutral,0.9717,fear,0.9635
happy/happy_1376.jpg,happy,angry,0.9133,sad,0.856
happy/happy_1378.jpg,happy,neutral,0.823,neutral,0.6246
happy/happy_1386.jpg,happy,sad,0.9841,sad,0.9067
happy/happy_1391.jpg,happy,neutral,0.9601,neutral,0.6484
happy/happy_1402.jpg,happy,neutral,0.6779,neutral,0.5017
happy/happy_1404.jpg,happy,neutral,0.5512,neutral,0.7654
happy/happy_1406.jpg,happy,neutral,0.3945,sad,0.4591
happy/happy_1411.jpg,happy,sad,0.9897,sad,0.9805
happy/happy_1419.jpg,happy,sad,0.6471,fear,0.8028
happy/happy_1430.jpg,happy,fear,0.8719,fear,0.9972
happy/happy_1431.jpg,happy,neutral,0.9983,sad,0.9978
happy/happy_1436.jpg,happy,neutral,0.8383,sad,0.7391
happy/happy_1443.jpg,happy,neutral,0.7994,fear,0.9041
happy/happy_1448.jpg,happy,neutral,0.5939,fear,0.7935
happy/happy_1449.jpg,happy,sad,0.5631,sad,0.7642
happy/happy_1454.jpg,happy,neutral,0.637,fear,0.8534
happy/happy_1459.jpg,happy,neutral,0.6351,neutral,0.9479
happy/happy_1469.jpg,happy,neutral,0.6577,angry,0.8346
happy/happy_1478.jpg,happy,neutral,0.3825,sad,0.8522
happy/happy_1485.jpg,happy,neutral,0.7919,fear,0.7907
happy/happy_1486.jpg,happy,neutral,0.7216,neutral,0.7871
happy/happy_1487.jpg,happy,neutral,0.6364,fear,0.8979
happy/happy_1488.jpg,happy,sad,0.361,fear,0.578
happy/happy_1496.jpg,happy,fear,0.7589,fear,0.999
happy/happy_1503.jpg,happy,sad,0.5635,neutral,0.7401
happy/happy_1510.jpg,happy,neutral,0.4906,sad,0.7334
happy/happy_1517.jpg,happy,neutral,0.9791,neutral,0.9872
happy/happy_1518.jpg,happy,sad,0.6517,sad,0.4336
happy/happy_1522.jpg,happy,neutral,0.7118,happy,0.4625
happy/happy_1523.jpg,happy,neutral,0.8381,neutral,0.9629
happy/happy_1529.jpg,happy,neutral,0.96,fear,0.826
happy/happy_1535.jpg,happy,neutral,0.5959,fear,0.4736
happy/happy_1551.jpg,happy,neutral,0.6911,angry,0.7431
happy/happy_1554.jpg,happy,neutral,0.8871,neutral,0.8989
happy/happy_1573.jpg,happy,sad,0.5293,sad,0.581
happy/happy_1580.jpg,happy,neutral,0.8057,sad,0.5051
happy/happy_1587.jpg,happy,sad,0.9667,sad,0.9999
happy/happy_1601.jpg,happy,happy,0.4064,happy,0.9568
happy/happy_1604.jpg,happy,neutral,0.972,neutral,0.5357
happy/happy_1605.jpg,happy,fear,0.4687,neutral,0.6796
happy/happy_1610.jpg,happy,sad,0.5271,fear,0.9085
happy/happy_1622.jpg,happy,fear,0.5243,fear,0.9805
happy/happy_1624.jpg,happy,sad,0.816,sad,0.9887
happy/happy_1628.jpg,happy,neutral,0.9077,surprise,0.5408
happy/happy_1652.jpg,happy,neutral,0.7154,fear,0.9463
happy/happy_1659.jpg,happy,neutral,0.7843,neutral,0.5819
happy/happy_1665.jpg,happy,neutral,0.9062,sad,0.5747
happy/happy_1667.jpg,happy,fear,0.9608,fear,0.9907
happy/happy_1673.jpg,happy,neutral,0.9191,neutral,0.8469
happy/happy_1674.jpg,happy,neutral,0.9139,happy,0.8052
happy/happy_1686.jpg,happy,neutral,0.5753,sad,0.9694
happy/happy_1691.jpg,happy,happy,0.5606,sad,0.7672
happy/happy_1698.jpg,happy,sad,0.8123,fear,0.7433
happy/happy_1701.jpg,happy,angry,0.4118,happy,0.4499
happy/happy_1705.jpg,happy,neutral,0.985,fear,0.8505
happy/happy_1709.jpg,happy,neutral,0.7569,neutral,0.3683
happy/happy_1724.jpg,happy,angry,0.8046,sad,0.7265
happy/happy_1737.jpg,happy,sad,0.9157,sad,0.8374
happy/happy_1743.jpg,happy,neutral,0.6603,sad,0.9633
happy/happy_1775.jpg,happy,neutral,0.9707,fear,0.9115
happy/happy_1795.jpg,happy,disgust,0.6131,fear,0.5879
happy/happy_1798.jpg,happy,sad,0.5072,sad,0.4133
happy/happy_1799.jpg,happy,neutral,0.8904,fear,0.9639
happy/happy_1808.jpg,happy,neutral,0.6694,sad,0.6242
happy/happy_1811.jpg,happy,sad,0.8053,fear,0.9792
happy/happy_1817.jpg,happy,neutral,0.9639,fear,0.9973
happy/happy_1832.jpg,happy,neutral,0.7609,sad,0.9413
neutral/neutral_0010.jpg,neutral,sad,0.3619,sad,0.9672
neutral/neutral_0012.jpg,neutral,fear,0.7432,fear,0.7085
neutral/neutral_0015.jpg,neutral,sad,0.8856,neutral,0.9286
neutral/neutral_0018.jpg,neutral,sad,0.4771,fear,0.7274
neutral/neutral_0029.jpg,neutral,sad,0.8466,sad,0.9978
neutral/neutral_0049.jpg,neutral,neutral,0.9652,neutral,0.962
neutral/neutral_0055.jpg,neutral,sad,0.9706,sad,0.9889
neutral/neutral_0067.jpg,neutral,sad,0.9049,sad,0.9915
neutral/neutral_0068.jpg,neutral,sad,0.9661,sad,1.0
neutral/neutral_0069.jpg,neutral,neutral,0.7544,sad,0.5671
neutral/neutral_0071.jpg,neutral,surprise,0.4094,fear,0.8738
neutral/neutral_0082.jpg,neutral,neutral,0.8042,sad,0.9021
neutral/neutral_0090.jpg,neutral,fear,0.5919,fear,0.9741
neutral/neutral_0091.jpg,neutral,neutral,0.957,neutral,0.9325
neutral/neutral_0094.jpg,neutral,sad,0.6673,fear,0.4591
neutral/neutral_0095.jpg,neutral,neutral,0.6437,sad,0.9456
neutral/neutral_0101.jpg,neutral,sad,0.8162,fear,0.8306
neutral/neutral_0137.jpg,neutral,sad,0.8396,sad,0.7592
neutral/neutral_0144.jpg,neutral,sad,0.9138,sad,0.8127
neutral/neutral_0159.jpg,neutral,angry,0.7929,neutral,0.4875
neutral/neutral_0160.jpg,neutral,sad,0.9585,sad,0.3816
neutral/neutral_0164.jpg,neutral,neutral,0.725,fear,0.9055
neutral/neutral_0165.jpg,neutral,neutral,0.5201,sad,0.9986
neutral/neutral_0170.jpg,neutral,sad,0.422,sad,0.612
neutral/neutral_0171.jpg,neutral,neutral,0.626,sad,0.9719
neutral/neutral_0181.jpg,neutral,angry,0.4721,angry,0.4988
neutral/neutral_0195.jpg,neutral,neutral,0.7855,surprise,0.5178
neutral/neutral_0203.jpg,neutral,neutral,0.5909,neutral,0.9696
neutral/neutral_0207.jpg,neutral,fear,0.6509,sad,0.4515
neutral/neutral_0208.jpg,neutral,neutral,0.9756,fear,0.5274
neutral/neutral_0213.jpg,neutral,neutral,0.833,neutral,0.9897
neutral/neutral_0215.jpg,neutral,neutral,0.9573,fear,0.688
neutral/neutral_0222.jpg,neutral,sad,0.7702,sad,0.6824
neutral/neutral_0233.jpg,neutral,neutral,0.8569,neutral,0.98
neutral/neutral_0239.jpg,neutral,fear,0.7688,fear,0.71
neutral/neutral_0250.jpg,neutral,fear,0.9777,neutral,0.8707
neutral/neutral_0254.jpg,neutral,neutral,0.9288,sad,0.9155
neutral/neutral_0256.jpg,neutral,neutral,0.9308,fear,0.7561
neutral/neutral_0259.jpg,neutral,neutral,0.8101,fear,0.701
neutral/neutral_0260.jpg,neutral,sad,0.7068,sad,0.655
neutral/neutral_0267.jpg,neutral,fear,0.9744,fear,0.9261
neutral/neutral_0276.jpg,neutral,neutral,0.789,sad,0.8365
neutral/neutral_0277.jpg,neutral,sad,0.4148,neutral,0.918
neutral/neutral_0282.jpg,neutral,fear,0.6604,fear,0.6012
neutral/neutral_0289.jpg,neutral,fear,0.5764,fear,0.4056
neutral/neutral_0290.jpg,neutral,fear,0.7592,fear,0.4674
neutral/neutral_0306.jpg,neutral,fear,0.4206,neutral,0.895
neutral/neutral_0308.jpg,neutral,neutral,0.8282,neutral,0.792
neutral/neutral_0312.jpg,neutral,fear,0.4505,fear,0.9906
neutral/neutral_0315.jpg,neutral,angry,0.6954,neutral,0.3562
neutral/neutral_0325.jpg,neutral,neutral,0.9604,neutral,0.2951
neutral/neutral_0334.jpg,neutral,fear,0.6252,fear,0.7355
neutral/neutral_0336.jpg,neutral,neutral,0.8057,fear,0.6696
neutral/neutral_0345.jpg,neutral,neutral,0.8198,fear,0.575
neutral/neutral_0351.jpg,neutral,fear,0.4498,fear,0.9917
neutral/neutral_0366.jpg,neutral,fear,0.9351,fear,0.9952
neutral/neutral_0369.jpg,neutral,neutral,0.631,neutral,0.8459
neutral/neutral_0379.jpg,neutral,sad,0.956,sad,0.9975
neutral/neutral_0391.jpg,neutral,fear,0.6425,surprise,0.6361
neutral/neutral_0393.jpg,neutral,neutral,0.6038,neutral,0.7771
neutral/neutral_0401.jpg,neutral,sad,0.5908,sad,0.9482
neutral/neutral_0408.jpg,neutral,neutral,0.8557,sad,0.9941
neutral/neutral_0410.jpg,neutral,neutral,0.4586,fear,0.5609
neutral/neutral_0418.jpg,neutral,neutral,0.3849,fear,0.6441
neutral/neutral_0472.jpg,neutral,sad,0.9371,sad,0.7127
neutral/neutral_0473.jpg,neutral,neutral,0.6613,sad,0.5818
neutral/neutral_0482.jpg,neutral,sad,0.5305,sad,0.8049
neutral/neutral_0485.jpg,neutral,fear,0.8697,fear,0.8552
neutral/neutral_0523.jpg,neutral,fear,0.8971,fear,0.7669
neutral/neutral_0538.jpg,neutral,neutral,0.7881,sad,0.8262
neutral/neutral_0543.jpg,neutral,neutral,0.9838,neutral,0.7735
neutral/neutral_0552.jpg,neutral,neutral,0.8182,fear,0.8384
neutral/neutral_0553.jpg,neutral,fear,0.4927,neutral,0.5981
neutral/neutral_0576.jpg,neutral,neutral,0.9297,sad,0.9368
neutral/neutral_0594.jpg,neutral,fear,0.9693,fear,0.9944
neutral/neutral_0606.jpg,neutral,neutral,0.9384,neutral,0.848
neutral/neutral_0609.jpg,neutral,fear,0.7612,fear,0.7969
neutral/neutral_0611.jpg,neutral,sad,0.4539,neutral,0.8002
neutral/neutral_0623.jpg,neutral,neutral,0.9756,sad,0.6878
neutral/neutral_0628.jpg,neutral,sad,0.5144,sad,0.7602
neutral/neutral_0634.jpg,neutral,neutral,0.7827,fear,0.76
neutral/neutral_0635.jpg,neutral,neutral,0.7521,fear,0.9707
neutral/neutral_0637.jpg,neutral,neutral,0.9814,fear,0.792
neutral/neutral_0639.jpg,neutral,neutral,0.8389,sad,0.5816
neutral/neutral_0646.jpg,neutral,fear,0.9122,fear,0.8582
neutral/neutral_0652.jpg,neutral,neutral,0.5164,neutral,0.9232
neutral/neutral_0665.jpg,neutral,sad,0.6247,sad,0.9542
neutral/neutral_0669.jpg,neutral,neutral,0.776,sad,0.878
neutral/neutral_0680.jpg,neutral,fear,0.8443,sad,0.9861
neutral/neutral_0691.jpg,neutral,sad,0.8493,sad,0.6933
neutral/neutral_0704.jpg,neutral,sad,0.8881,sad,0.9541
neutral/neutral_0715.jpg,neutral,neutral,0.9847,fear,0.9398
neutral/neutral_0717.jpg,neutral,neutral,0.9241,sad,0.7869
neutral/neutral_0725.jpg,neutral,neutral,0.8912,sad,0.9911
neutral/neutral_0726.jpg,neutral,fear,0.5041,fear,0.8925
neutral/neutral_0731.jpg,neutral,neutral,0.8177,fear,0.5265
neutral/neutral_0733.jpg,neutral,neutral,0.9934,sad,0.8126
neutral/neutral_0734.jpg,neutral,neutral,0.9541,sad,0.8063
neutral/neutral_0738.jpg,neutral,sad,0.6016,neutral,0.5329
neutral/neutral_0744.jpg,neutral,sad,0.4119,sad,0.5671
neutral/neutral_0745.jpg,neutral,neutral,0.9392,neutral,0.7351
neutral/neutral_0751.jpg,neutral,sad,0.9747,surprise,0.5345
neutral/neutral_0770.jpg,neutral,neutral,0.4886,fear,0.9802
neutral/neutral_0776.jpg,neutral,sad,0.9986,sad,1.0
neutral/neutral_0781.jpg,neutral,neutral,0.957,sad,0.7399
neutral/neutral_0788.jpg,neutral,neutral,0.6846,sad,0.6949
neutral/neutral_0804.jpg,neutral,fear,0.8563,fear,0.901
neutral/neutral_0806.jpg,neutral,fear,0.5099,fear,0.3923
neutral/neutral_0810.jpg,neutral,neutral,0.9354,sad,0.9676
neutral/neutral_0812.jpg,neutral,fear,0.4843,sad,0.5169
neutral/neutral_0813.jpg,neutral,neutral,0.3763,sad,0.6233
neutral/neutral_0821.jpg,neutral,neutral,0.6113,fear,0.9675
neutral/neutral_0824.jpg,neutral,sad,0.9695,sad,0.9988
neutral/neutral_0831.jpg,neutral,neutral,0.7007,fear,0.7146
neutral/neutral_0832.jpg,neutral,sad,0.9625,sad,0.9792
neutral/neutral_0833.jpg,neutral,neutral,0.7741,sad,0.7284
neutral/neutral_0838.jpg,neutral,neutral,0.6682,fear,0.8225
neutral/neutral_0856.jpg,neutral,sad,0.535,neutral,0.8835
neutral/neutral_0863.jpg,neutral,neutral,0.7567,fear,0.9978
neutral/neutral_0871.jpg,neutral,neutral,0.936,sad,0.9248
neutral/neutral_0878.jpg,neutral,sad,0.6238,neutral,0.9325
neutral/neutral_0907.jpg,neutral,sad,0.8005,sad,0.7768
neutral/neutral_0912.jpg,neutral,fear,0.9144,fear,0.6934
neutral/neutral_0926.jpg,neutral,sad,0.9604,neutral,0.5193
neutral/neutral_0929.jpg,neutral,neutral,0.7642,fear,0.8326
neutral/neutral_0931.jpg,neutral,neutral,0.6685,sad,0.9954
neutral/neutral_0947.jpg,neutral,neutral,0.8259,neutral,0.8177
neutral/neutral_0956.jpg,neutral,fear,0.9503,surprise,0.6831
neutral/neutral_0964.jpg,neutral,neutral,0.993,fear,0.9636
neutral/neutral_0966.jpg,neutral,sad,0.961,sad,0.9821
neutral/neutral_0969.jpg,neutral,neutral,0.7047,neutral,0.5038
neutral/neutral_0972.jpg,neutral,sad,0.8746,neutral,0.8591
neutral/neutral_0980.jpg,neutral,neutral,0.6352,sad,0.9971
neutral/neutral_0997.jpg,neutral,neutral,0.8043,sad,0.8341
neutral/neutral_1004.jpg,neutral,fear,0.7438,disgust,0.7376
neutral/neutral_1041.jpg,neutral,sad,0.7548,sad,0.8581
neutral/neutral_1042.jpg,neutral,fear,0.968,fear,0.9645
neutral/neutral_1060.jpg,neutral,sad,0.4761,sad,0.4423
neutral/neutral_1061.jpg,neutral,fear,0.7901,sad,0.9991
neutral/neutral_1068.jpg,neutral,neutral,0.9588,fear,0.5952
neutral/neutral_1069.jpg,neutral,fear,0.7625,sad,0.8691
neutral/neutral_1073.jpg,neutral,neutral,0.623,sad,0.6387
neutral/neutral_1077.jpg,neutral,fear,0.6311,neutral,0.465
neutral/neutral_1086.jpg,neutral,neutral,0.5162,neutral,0.5638
neutral/neutral_1108.jpg,neutral,neutral,0.7151,neutral,0.6704
neutral/neutral_1118.jpg,neutral,neutral,0.9963,neutral,0.9885
neutral/neutral_1131.jpg,neutral,fear,0.8627,fear,0.6039
neutral/neutral_1137.jpg,neutral,sad,0.8444,sad,0.4293
neutral/neutral_1145.jpg,neutral,neutral,0.7296,neutral,0.3967
neutral/neutral_1153.jpg,neutral,fear,0.5454,neutral,0.4955
neutral/neutral_1177.jpg,neutral,fear,0.7801,sad,0.9678
neutral/neutral_1181.jpg,neutral,sad,0.8459,sad,0.8093
neutral/neutral_1194.jpg,neutral,neutral,0.5688,fear,0.56
neutral/neutral_1199.jpg,neutral,neutral,0.5907,sad,0.9891
neutral/neutral_1207.jpg,neutral,sad,0.5395,fear,0.5167
neutral/neutral_1222.jpg,neutral,neutral,0.4611,neutral,0.891
neutral/neutral_1225.jpg,neutral,fear,0.9489,fear,0.8895
neutral/neutral_1230.jpg,neutral,neutral,0.8008,fear,0.9406
neutral/neutral_1238.jpg,neutral,neutral,0.8864,fear,0.7777
neutral/neutral_1248.jpg,neutral,sad,0.3002,sad,0.8645
neutral/neutral_1263.jpg,neutral,neutral,0.995,neutral,0.9946
neutral/neutral_1286.jpg,neutral,neutral,0.4477,sad,0.9992
neutral/neutral_1309.jpg,neutral,neutral,0.597,sad,0.9234
neutral/neutral_1310.jpg,neutral,fear,0.5574,sad,0.5361
neutral/neutral_1314.jpg,neutral,neutral,0.6259,sad,0.771
neutral/neutral_1330.jpg,neutral,neutral,0.9423,sad,0.9965
neutral/neutral_1332.jpg,neutral,fear,0.8742,sad,0.7569
neutral/neutral_1359.jpg,neutral,sad,0.7993,angry,0.4184
neutral/neutral_1366.jpg,neutral,neutral,0.7826,neutral,0.5424
neutral/neutral_1379.jpg,neutral,fear,0.4884,fear,0.597
neutral/neutral_1381.jpg,neutral,neutral,0.5066,neutral,0.4486
neutral/neutral_1382.jpg,neutral,sad,0.9013,sad,0.8913
neutral/neutral_1408.jpg,neutral,fear,0.8393,fear,0.907
neutral/neutral_1417.jpg,neutral,sad,0.893,neutral,0.9573
neutral/neutral_1419.jpg,neutral,neutral,0.6921,fear,0.9985
neutral/neutral_1434.jpg,neutral,sad,0.9821,sad,0.927
neutral/neutral_1439.jpg,neutral,neutral,0.9017,happy,0.6241
neutral/neutral_1445.jpg,neutral,sad,0.9633,sad,0.5801
neutral/neutral_1447.jpg,neutral,fear,0.5861,neutral,0.3925
neutral/neutral_1449.jpg,neutral,neutral,0.9977,fear,0.6044
neutral/neutral_1454.jpg,neutral,neutral,0.9305,neutral,0.9517
neutral/neutral_1456.jpg,neutral,fear,0.8554,neutral,0.4812
neutral/neutral_1458.jpg,neutral,sad,0.9007,sad,0.9908
neutral/neutral_1460.jpg,neutral,neutral,0.9505,fear,0.9565
neutral/neutral_1475.jpg,neutral,neutral,0.9906,neutral,0.9916
neutral/neutral_1480.jpg,neutral,fear,0.51,fear,0.7359
neutral/neutral_1482.jpg,neutral,sad,0.9569,sad,0.9595
neutral/neutral_1490.jpg,neutral,sad,0.9652,fear,0.9777
neutral/neutral_1491.jpg,neutral,neutral,0.6604,sad,0.8187
neutral/neutral_1500.jpg,neutral,neutral,0.8204,sad,0.4167
neutral/neutral_1510.jpg,neutral,neutral,0.8311,neutral,0.6118
neutral/neutral_1517.jpg,neutral,angry,0.977,angry,0.5494
neutral/neutral_1522.jpg,neutral,sad,0.7908,sad,0.5892
neutral/neutral_1523.jpg,neutral,neutral,0.7286,fear,0.9943
neutral/neutral_1529.jpg,neutral,fear,0.7182,surprise,0.4892
neutral/neutral_1539.jpg,neutral,fear,0.825,sad,0.7657
neutral/neutral_1545.jpg,neutral,neutral,0.6637,fear,0.8644
neutral/neutral_1557.jpg,neutral,neutral,0.6777,neutral,0.5633
neutral/neutral_1572.jpg,neutral,fear,0.9039,neutral,0.5378
neutral/neutral_1580.jpg,neutral,surprise,0.4562,fear,0.9201
neutral/neutral_1583.jpg,neutral,fear,0.9928,fear,0.8092
neutral/neutral_1585.jpg,neutral,neutral,0.9103,fear,0.4678
neutral/neutral_1590.jpg,neutral,sad,0.553,fear,0.553
neutral/neutral_1594.jpg,neutral,sad,0.8517,sad,0.8787
neutral/neutral_1602.jpg,neutral,neutral,0.2852,fear,0.9892
neutral/neutral_1604.jpg,neutral,neutral,0.9811,sad,0.986
neutral/neutral_1608.jpg,neutral,fear,0.5423,neutral,0.7632
neutral/neutral_1623.jpg,neutral,neutral,0.9459,fear,0.919
neutral/neutral_1627.jpg,neutral,fear,0.8129,fear,0.9895
neutral/neutral_1628.jpg,neutral,neutral,0.6581,angry,0.6498
neutral/neutral_1648.jpg,neutral,neutral,0.5406,neutral,0.8062
neutral/neutral_1651.jpg,neutral,neutral,0.6911,fear,0.5575
neutral/neutral_1657.jpg,neutral,sad,0.9223,sad,0.9403
neutral/neutral_1664.jpg,neutral,sad,0.9099,sad,0.8971
neutral/neutral_1684.jpg,neutral,sad,0.8551,surprise,0.4715
neutral/neutral_1687.jpg,neutral,neutral,0.9542,sad,0.6021
neutral/neutral_1692.jpg,neutral,sad,0.794,neutral,0.9503
neutral/neutral_1702.jpg,neutral,sad,0.7184,sad,0.9366
neutral/neutral_1704.jpg,neutral,neutral,0.8067,fear,0.9935
neutral/neutral_1707.jpg,neutral,neutral,0.8842,fear,0.982
neutral/neutral_1709.jpg,neutral,sad,0.5984,sad,0.9902
neutral/neutral_1712.jpg,neutral,sad,0.5075,sad,0.8056
neutral/neutral_1733.jpg,neutral,fear,0.891,fear,0.9744
neutral/neutral_1744.jpg,neutral,sad,0.5442,neutral,0.5607
neutral/neutral_1752.jpg,neutral,fear,0.903,fear,0.6973
neutral/neutral_1755.jpg,neutral,neutral,0.7285,fear,0.6723
neutral/neutral_1761.jpg,neutral,sad,0.931,sad,0.9814
neutral/neutral_1766.jpg,neutral,neutral,0.9558,fear,0.6246
neutral/neutral_1796.jpg,neutral,sad,0.5711,neutral,0.6724
neutral/neutral_1798.jpg,neutral,fear,0.6687,sad,0.5201
neutral/neutral_1807.jpg,neutral,fear,0.4971,fear,0.731
neutral/neutral_1817.jpg,neutral,neutral,0.6787,fear,0.3896
neutral/neutral_1827.jpg,neutral,fear,0.8734,surprise,0.5732
neutral/neutral_1846.jpg,neutral,sad,0.5204,neutral,0.3798
neutral/neutral_1851.jpg,neutral,neutral,0.5749,sad,0.9657
neutral/neutral_1853.jpg,neutral,fear,0.6737,fear,0.8789
neutral/neutral_1866.jpg,neutral,fear,0.8174,fear,0.9444
neutral/neutral_1868.jpg,neutral,fear,0.9062,fear,0.9484
neutral/neutral_1872.jpg,neutral,neutral,0.8991,sad,0.9997
neutral/neutral_1873.jpg,neutral,neutral,0.8852,fear,0.9753
neutral/neutral_1877.jpg,neutral,fear,0.8963,fear,0.9985
neutral/neutral_1878.jpg,neutral,sad,0.8321,sad,0.9868
neutral/neutral_1884.jpg,neutral,sad,0.7528,sad,0.9377
neutral/neutral_1887.jpg,neutral,fear,0.7996,neutral,0.3924
neutral/neutral_1889.jpg,neutral,fear,0.3349,neutral,0.8801
neutral/neutral_1890.jpg,neutral,neutral,0.4841,happy,0.4875
neutral/neutral_1895.jpg,neutral,neutral,0.4897,sad,0.8107
neutral/neutral_1903.jpg,neutral,fear,0.9667,fear,0.807
neutral/neutral_1910.jpg,neutral,neutral,0.6069,neutral,0.4579
sad/sad_0016.jpg,sad,neutral,0.4969,fear,0.598
sad/sad_0045.jpg,sad,sad,0.9638,neutral,0.5519
sad/sad_0072.jpg,sad,sad,0.7633,neutral,0.6322
sad/sad_0097.jpg,sad,fear,0.8042,fear,0.9281
sad/sad_0108.jpg,sad,fear,0.4728,fear,0.8486
sad/sad_0116.jpg,sad,sad,0.9777,sad,0.9961
sad/sad_0117.jpg,sad,fear,0.4332,sad,0.9942
sad/sad_0118.jpg,sad,sad,0.5967,sad,0.7947
sad/sad_0120.jpg,sad,neutral,0.9756,fear,0.8168
sad/sad_0121.jpg,sad,fear,0.8418,neutral,0.5016
sad/sad_0128.jpg,sad,fear,0.7587,sad,0.9856
sad/sad_0131.jpg,sad,sad,0.5987,fear,0.6706
sad/sad_0145.jpg,sad,neutral,0.6647,fear,0.9972
sad/sad_0158.jpg,sad,sad,0.7001,sad,0.8308
sad/sad_0166.jpg,sad,neutral,0.8996,angry,0.9429
sad/sad_0172.jpg,sad,fear,0.5363,neutral,0.7147
sad/sad_0178.jpg,sad,fear,0.9488,fear,0.9711
sad/sad_0180.jpg,sad,neutral,0.9547,neutral,0.8256
sad/sad_0182.jpg,sad,sad,0.9017,sad,0.7926
sad/sad_0191.jpg,sad,fear,0.9243,fear,0.9891
sad/sad_0197.jpg,sad,fear,0.5551,sad,0.8789
sad/sad_0218.jpg,sad,fear,0.6447,fear,0.8026
sad/sad_0223.jpg,sad,neutral,0.687,sad,0.9928
sad/sad_0228.jpg,sad,fear,0.5466,surprise,0.7025
sad/sad_0231.jpg,sad,neutral,0.7703,sad,0.9941
sad/sad_0234.jpg,sad,sad,0.9986,sad,0.9999
sad/sad_0235.jpg,sad,fear,0.8962,fear,0.595
sad/sad_0267.jpg,sad,sad,0.9919,sad,0.9982
sad/sad_0273.jpg,sad,neutral,0.9624,sad,0.3317
sad/sad_0274.jpg,sad,sad,0.9331,sad,0.9907
sad/sad_0277.jpg,sad,sad,0.8796,sad,0.9974
sad/sad_0297.jpg,sad,neutral,0.9979,sad,0.9948
sad/sad_0301.jpg,sad,angry,0.3348,sad,0.9207
sad/sad_0304.jpg,sad,neutral,0.5257,sad,0.8501
sad/sad_0307.jpg,sad,sad,0.9368,sad,0.9878
sad/sad_0323.jpg,sad,sad,0.9706,sad,0.9947
sad/sad_0330.jpg,sad,sad,0.6582,sad,0.5356
sad/sad_0342.jpg,sad,fear,0.7802,sad,0.6645
sad/sad_0344.jpg,sad,neutral,0.5678,sad,0.8431
sad/sad_0356.jpg,sad,sad,0.9371,sad,0.9999
sad/sad_0373.jpg,sad,neutral,0.9351,neutral,0.9829
sad/sad_0382.jpg,sad,sad,0.6762,sad,0.7116
sad/sad_0385.jpg,sad,sad,0.9835,sad,0.9648
sad/sad_0393.jpg,sad,sad,0.7648,sad,0.9815
sad/sad_0401.jpg,sad,sad,0.8523,sad,0.8762
sad/sad_0409.jpg,sad,sad,0.6167,sad,0.4328
sad/sad_0417.jpg,sad,sad,0.7402,sad,0.9992
sad/sad_0425.jpg,sad,neutral,0.9705,sad,0.4709
sad/sad_0434.jpg,sad,fear,0.515,sad,0.5887
sad/sad_0443.jpg,sad,fear,0.988,fear,0.8838
sad/sad_0445.jpg,sad,sad,0.3532,fear,0.8083
sad/sad_0454.jpg,sad,sad,0.5807,sad,0.9421
sad/sad_0461.jpg,sad,sad,0.7753,sad,0.7698
sad/sad_0465.jpg,sad,sad,0.506,sad,0.9921
sad/sad_0473.jpg,sad,fear,0.6682,fear,0.8483
sad/sad_0481.jpg,sad,sad,0.9666,sad,0.9677
sad/sad_0486.jpg,sad,fear,0.9757,fear,0.9569
sad/sad_0488.jpg,sad,neutral,0.5041,fear,0.7645
sad/sad_0507.jpg,sad,sad,0.9995,sad,0.9993
sad/sad_0515.jpg,sad,neutral,0.8016,fear,0.7265
sad/sad_0532.jpg,sad,sad,0.5926,sad,0.9702
sad/sad_0555.jpg,sad,neutral,0.9643,sad,0.9131
sad/sad_0563.jpg,sad,sad,0.9937,sad,0.9973
sad/sad_0567.jpg,sad,sad,0.9324,neutral,0.9531
sad/sad_0571.jpg,sad,sad,0.8896,sad,0.9912
sad/sad_0582.jpg,sad,sad,0.9123,sad,0.9842
sad/sad_0601.jpg,sad,sad,0.9749,sad,0.9992
sad/sad_0613.jpg,sad,neutral,0.9708,sad,0.9542
sad/sad_0621.jpg,sad,sad,0.7356,sad,0.6178
sad/sad_0626.jpg,sad,neutral,0.7187,sad,0.9663
sad/sad_0638.jpg,sad,fear,0.9445,sad,0.6885
sad/sad_0657.jpg,sad,fear,0.7603,sad,0.7293
sad/sad_0661.jpg,sad,neutral,0.563,fear,0.9975
sad/sad_0665.jpg,sad,sad,0.8349,sad,0.9858
sad/sad_0678.jpg,sad,sad,0.6752,sad,0.9958
sad/sad_0688.jpg,sad,sad,0.9881,sad,0.9992
sad/sad_0691.jpg,sad,neutral,0.4884,fear,0.3884
sad/sad_0697.jpg,sad,sad,0.5897,sad,0.6344
sad/sad_0714.jpg,sad,sad,0.9906,sad,0.9998
sad/sad_0716.jpg,sad,sad,0.9274,sad,0.959
sad/sad_0720.jpg,sad,neutral,0.8007,sad,0.5216
sad/sad_0740.jpg,sad,sad,0.7265,fear,0.8229
sad/sad_0752.jpg,sad,neutral,0.8321,fear,0.6107
sad/sad_0761.jpg,sad,sad,0.9983,sad,0.9997
sad/sad_0786.jpg,sad,fear,0.6957,sad,0.9056
sad/sad_0809.jpg,sad,fear,0.9229,sad,0.9987
sad/sad_0842.jpg,sad,sad,0.6802,fear,0.8741
sad/sad_0854.jpg,sad,sad,0.8369,sad,0.9983
sad/sad_0875.jpg,sad,neutral,0.8647,fear,0.9378
sad/sad_0904.jpg,sad,fear,0.8631,sad,0.7596
sad/sad_0937.jpg,sad,neutral,0.7849,sad,0.7641
sad/sad_0938.jpg,sad,sad,0.9466,sad,0.9994
sad/sad_0960.jpg,sad,sad,0.4615,sad,0.63
sad/sad_0991.jpg,sad,sad,0.8374,sad,0.9992
sad/sad_1016.jpg,sad,sad,0.9998,sad,0.9996
sad/sad_1018.jpg,sad,sad,0.668,sad,0.98
sad/sad_1036.jpg,sad,sad,0.9972,sad,0.9909
sad/sad_1042.jpg,sad,sad,0.4432,sad,0.9991
sad/sad_1060.jpg,sad,sad,0.6321,sad,0.646
sad/sad_1085.jpg,sad,sad,0.986,sad,1.0
sad/sad_1091.jpg,sad,sad,0.9127,sad,0.966
sad/sad_1102.jpg,sad,sad,0.9555,sad,0.9244
sad/sad_1107.jpg,sad,sad,0.8634,sad,0.5399
sad/sad_1112.jpg,sad,fear,0.9941,fear,0.9987
sad/sad_1113.jpg,sad,sad,0.8326,sad,0.8711
sad/sad_1126.jpg,sad,neutral,0.9636,sad,0.9981
sad/sad_1134.jpg,sad,neutral,0.5632,neutral,0.7333
sad/sad_1145.jpg,sad,sad,0.9894,sad,0.9786
sad/sad_1180.jpg,sad,angry,0.8723,sad,0.773
sad/sad_1209.jpg,sad,neutral,0.8635,sad,0.5185
sad/sad_1232.jpg,sad,neutral,0.4108,sad,0.6253
sad/sad_1238.jpg,sad,neutral,0.6694,fear,0.5093
sad/sad_1256.jpg,sad,neutral,0.4616,fear,0.8219
sad/sad_1279.jpg,sad,neutral,0.9056,neutral,0.9966
sad/sad_1291.jpg,sad,fear,0.5471,fear,0.9565
sad/sad_1299.jpg,sad,sad,0.477,sad,0.7136
sad/sad_1310.jpg,sad,sad,0.9739,sad,0.9413
sad/sad_1312.jpg,sad,sad,0.7869,happy,0.5133
sad/sad_1313.jpg,sad,neutral,0.8213,happy,0.4215
sad/sad_1336.jpg,sad,sad,0.9804,sad,0.9106
sad/sad_1338.jpg,sad,neutral,0.9276,fear,0.3838
sad/sad_1347.jpg,sad,sad,0.879,sad,0.9981
sad/sad_1353.jpg,sad,sad,0.6544,sad,0.8896
sad/sad_1387.jpg,sad,sad,0.5864,sad,0.9472
sad/sad_1409.jpg,sad,fear,0.9379,fear,0.9179
sad/sad_1412.jpg,sad,neutral,0.6804,sad,0.995
sad/sad_1414.jpg,sad,neutral,0.8717,fear,0.6288
sad/sad_1417.jpg,sad,sad,0.9559,sad,0.5759
sad/sad_1422.jpg,sad,fear,0.8603,sad,0.6745
sad/sad_1426.jpg,sad,sad,0.513,angry,0.7139
sad/sad_1439.jpg,sad,sad,0.972,sad,0.6603
sad/sad_1441.jpg,sad,sad,0.9963,sad,0.9558
sad/sad_1448.jpg,sad,fear,0.8996,angry,0.9265
sad/sad_1449.jpg,sad,sad,0.8362,sad,0.9539
sad/sad_1452.jpg,sad,sad,0.6823,sad,0.9129
sad/sad_1458.jpg,sad,sad,0.5772,sad,0.4545
sad/sad_1477.jpg,sad,fear,0.7984,fear,0.965
sad/sad_1478.jpg,sad,fear,0.9819,fear,0.9936
sad/sad_1491.jpg,sad,sad,0.9962,sad,0.9947
sad/sad_1507.jpg,sad,sad,0.9989,sad,0.9893
sad/sad_1517.jpg,sad,sad,0.7527,sad,0.9927
sad/sad_1520.jpg,sad,sad,0.937,sad,0.6053
sad/sad_1534.jpg,sad,sad,0.6559,sad,0.6078
sad/sad_1557.jpg,sad,fear,0.9865,fear,0.9775
sad/sad_1569.jpg,sad,sad,0.9879,sad,0.9938
sad/sad_1574.jpg,sad,neutral,0.9357,fear,0.9525
sad/sad_1585.jpg,sad,sad,0.9478,sad,0.709
sad/sad_1595.jpg,sad,sad,0.9916,sad,0.9617
sad/sad_1596.jpg,sad,fear,0.8472,fear,0.7584
sad/sad_1597.jpg,sad,sad,0.6682,angry,0.9011
sad/sad_1638.jpg,sad,fear,0.6104,sad,0.4779
sad/sad_1656.jpg,sad,sad,0.7998,sad,0.6259
sad/sad_1662.jpg,sad,neutral,0.4688,sad,0.5665
sad/sad_1672.jpg,sad,neutral,0.6736,sad,0.7346
sad/sad_1684.jpg,sad,neutral,0.8242,fear,0.6185
sad/sad_1691.jpg,sad,fear,0.9845,fear,0.9975
sad/sad_1709.jpg,sad,sad,0.5626,fear,0.8989
sad/sad_1710.jpg,sad,sad,0.9524,sad,0.9704
sad/sad_1731.jpg,sad,fear,0.8775,fear,0.9898
sad/sad_1748.jpg,sad,fear,0.5521,fear,0.6677
sad/sad_1752.jpg,sad,neutral,0.9617,fear,0.9306
sad/sad_1764.jpg,sad,sad,0.8885,sad,0.9805
sad/sad_1769.jpg,sad,angry,0.8984,angry,0.8017
sad/sad_1771.jpg,sad,sad,0.7557,sad,0.9362
sad/sad_1774.jpg,sad,sad,0.975,sad,0.9933
sad/sad_1783.jpg,sad,sad,0.5495,neutral,0.8179
sad/sad_1785.jpg,sad,fear,0.9105,fear,0.9872
sad/sad_1817.jpg,sad,neutral,0.9523,sad,0.9841
sad/sad_1829.jpg,sad,sad,0.8687,sad,0.9854
sad/sad_1835.jpg,sad,sad,0.8866,sad,0.983
sad/sad_1838.jpg,sad,sad,0.9984,sad,0.9998
sad/sad_1844.jpg,sad,fear,0.8188,sad,0.9347
sad/sad_1877.jpg,sad,sad,0.9745,sad,0.9933
sad/sad_1884.jpg,sad,fear,0.9143,sad,0.9588
sad/sad_1885.jpg,sad,sad,0.9978,sad,0.9998
sad/sad_1887.jpg,sad,neutral,0.985,sad,0.9601
sad/sad_1890.jpg,sad,neutral,0.4351,sad,0.9975
sad/sad_1919.jpg,sad,sad,0.8663,neutral,0.5523
sad/sad_1930.jpg,sad,sad,0.459,fear,0.4665
sad/sad_1932.jpg,sad,fear,0.8759,sad,0.9482
sad/sad_1943.jpg,sad,fear,0.6163,fear,0.9914
sad/sad_1944.jpg,sad,fear,0.6527,fear,0.9544
sad/sad_1957.jpg,sad,sad,0.6334,sad,0.9395
sad/sad_1962.jpg,sad,neutral,0.8961,neutral,0.6336
sad/sad_1965.jpg,sad,neutral,0.7809,sad,0.7708
sad/sad_1971.jpg,sad,sad,0.998,sad,0.9997
sad/sad_1975.jpg,sad,neutral,0.8536,sad,0.997
sad/sad_1979.jpg,sad,sad,0.9424,sad,0.9376
sad/sad_1991.jpg,sad,sad,0.9479,sad,0.9882
sad/sad_2015.jpg,sad,sad,0.9349,sad,0.9992
sad/sad_2032.jpg,sad,sad,0.8116,fear,0.8436
sad/sad_2037.jpg,sad,fear,0.618,fear,0.5592
sad/sad_2044.jpg,sad,sad,0.5252,happy,0.7926
sad/sad_2077.jpg,sad,neutral,0.5502,fear,0.9837
sad/sad_2089.jpg,sad,fear,0.8816,sad,0.5171
sad/sad_2092.jpg,sad,sad,0.953,sad,0.9754
sad/sad_2101.jpg,sad,sad,0.9516,sad,0.9884
sad/sad_2103.jpg,sad,sad,0.8332,sad,0.8894
sad/sad_2112.jpg,sad,fear,0.808,fear,0.5046
sad/sad_2125.jpg,sad,neutral,0.8754,neutral,0.747
sad/sad_2131.jpg,sad,sad,0.9667,sad,0.9919
sad/sad_2136.jpg,sad,sad,0.9883,sad,0.9948
sad/sad_2149.jpg,sad,sad,0.9552,sad,0.9999
sad/sad_2159.jpg,sad,sad,0.9486,sad,0.994
sad/sad_2178.jpg,sad,angry,0.91,fear,0.7181
sad/sad_2179.jpg,sad,fear,0.8783,fear,0.8901
sad/sad_2181.jpg,sad,neutral,0.8482,fear,0.7659
sad/sad_2194.jpg,sad,fear,0.6843,fear,0.9956
sad/sad_2206.jpg,sad,sad,0.8266,sad,0.9977
sad/sad_2218.jpg,sad,fear,0.5063,fear,0.5319
sad/sad_2231.jpg,sad,sad,0.9356,sad,0.9995
sad/sad_2242.jpg,sad,sad,0.9944,sad,0.9888
sad/sad_2256.jpg,sad,fear,0.6695,sad,0.945
sad/sad_2259.jpg,sad,sad,0.9962,sad,0.9868
sad/sad_2263.jpg,sad,sad,0.9966,sad,0.9995
sad/sad_2266.jpg,sad,neutral,0.8452,sad,0.4981
sad/sad_2275.jpg,sad,neutral,0.6873,neutral,0.6683
sad/sad_2282.jpg,sad,sad,0.9958,sad,0.9987
sad/sad_2285.jpg,sad,fear,0.7495,fear,0.8112
sad/sad_2286.jpg,sad,neutral,0.9472,neutral,0.6998
sad/sad_2310.jpg,sad,neutral,0.5146,angry,0.6703
sad/sad_2313.jpg,sad,fear,0.4743,sad,0.879
sad/sad_2318.jpg,sad,fear,0.6734,fear,0.7487
sad/sad_2335.jpg,sad,sad,0.8959,sad,0.9983
sad/sad_2369.jpg,sad,fear,0.85,fear,0.4873
sad/sad_2372.jpg,sad,neutral,0.4628,fear,0.951
sad/sad_2382.jpg,sad,sad,0.9282,sad,0.4619
sad/sad_2389.jpg,sad,sad,0.925,sad,0.9365
sad/sad_2396.jpg,sad,sad,0.8811,sad,0.8327
sad/sad_2428.jpg,sad,sad,0.6872,sad,0.9987
sad/sad_2435.jpg,sad,sad,0.9682,sad,0.9984
sad/sad_2447.jpg,sad,fear,0.9363,fear,0.7838
sad/sad_2448.jpg,sad,sad,0.9792,fear,0.6684
sad/sad_2452.jpg,sad,sad,0.9997,sad,0.6111
sad/sad_2480.jpg,sad,sad,0.4482,neutral,0.9798
sad/sad_2491.jpg,sad,sad,0.9415,sad,0.9229
sad/sad_2495.jpg,sad,neutral,0.9022,fear,0.9035
sad/sad_2510.jpg,sad,fear,0.9688,fear,0.955
sad/sad_2511.jpg,sad,sad,0.53,sad,0.7204
sad/sad_2537.jpg,sad,neutral,0.9934,neutral,0.8699
sad/sad_2540.jpg,sad,sad,0.7315,sad,0.9998
sad/sad_2545.jpg,sad,neutral,0.5381,fear,0.6666
sad/sad_2563.jpg,sad,sad,0.7196,sad,0.9998
sad/sad_2566.jpg,sad,sad,0.9145,sad,0.9192
sad/sad_2571.jpg,sad,sad,0.9903,sad,0.9997
sad/sad_2588.jpg,sad,fear,0.8033,sad,0.7906
sad/sad_2592.jpg,sad,neutral,0.8535,sad,0.9819
sad/sad_2594.jpg,sad,sad,0.6323,sad,0.9987
sad/sad_2596.jpg,sad,neutral,0.9728,neutral,0.613
surprise/surprise_0013.jpg,surprise,neutral,0.6978,fear,0.7393
surprise/surprise_0043.jpg,surprise,fear,0.5579,fear,0.9886
surprise/surprise_0045.jpg,surprise,neutral,0.6762,fear,0.5384
surprise/surprise_0048.jpg,surprise,sad,0.6194,fear,0.9541
surprise/surprise_0077.jpg,surprise,neutral,0.949,fear,0.9415
surprise/surprise_0082.jpg,surprise,neutral,0.8121,neutral,0.9876
surprise/surprise_0097.jpg,surprise,neutral,0.5574,fear,0.9015
surprise/surprise_0110.jpg,surprise,fear,0.7928,fear,0.9871
surprise/surprise_0114.jpg,surprise,fear,0.8407,fear,0.9688
surprise/surprise_0115.jpg,surprise,neutral,0.3513,fear,0.8166
surprise/surprise_0146.jpg,surprise,fear,0.9626,surprise,0.6236
surprise/surprise_0151.jpg,surprise,fear,0.852,fear,0.9014
surprise/surprise_0152.jpg,surprise,surprise,0.9652,surprise,0.6532
surprise/surprise_0156.jpg,surprise,fear,0.8261,fear,0.9294
surprise/surprise_0157.jpg,surprise,neutral,0.9663,sad,0.6012
surprise/surprise_0175.jpg,surprise,sad,0.7321,sad,0.4946
surprise/surprise_0182.jpg,surprise,fear,0.9973,fear,0.9864
surprise/surprise_0190.jpg,surprise,neutral,0.8462,neutral,0.7144
surprise/surprise_0194.jpg,surprise,fear,0.5968,fear,0.5968
surprise/surprise_0203.jpg,surprise,fear,0.8237,neutral,0.3913
surprise/surprise_0208.jpg,surprise,neutral,0.6088,neutral,0.4546
surprise/surprise_0213.jpg,surprise,angry,0.8001,angry,0.8823
surprise/surprise_0235.jpg,surprise,surprise,0.6897,fear,0.6987
surprise/surprise_0237.jpg,surprise,fear,0.6473,fear,0.7268
surprise/surprise_0240.jpg,surprise,surprise,0.9802,surprise,0.9183
surprise/surprise_0263.jpg,surprise,sad,0.65,sad,0.953
surprise/surprise_0272.jpg,surprise,neutral,0.5161,neutral,0.6126
surprise/surprise_0294.jpg,surprise,fear,0.9398,fear,0.9332
surprise/surprise_0304.jpg,surprise,neutral,0.5196,happy,0.6123
surprise/surprise_0305.jpg,surprise,neutral,0.7306,sad,0.9864
surprise/surprise_0328.jpg,surprise,neutral,0.6863,fear,0.7361
surprise/surprise_0333.jpg,surprise,fear,0.662,neutral,0.6934
surprise/surprise_0334.jpg,surprise,happy,0.4548,surprise,0.357
surprise/surprise_0335.jpg,surprise,fear,0.8565,fear,0.9573
surprise/surprise_0341.jpg,surprise,fear,0.8708,fear,0.9715
surprise/surprise_0354.jpg,surprise,surprise,0.6691,surprise,0.6163
surprise/surprise_0363.jpg,surprise,neutral,0.6094,sad,0.9741
surprise/surprise_0370.jpg,surprise,fear,0.9435,fear,0.7848
surprise/surprise_0385.jpg,surprise,fear,0.9394,fear,0.5879
surprise/surprise_0386.jpg,surprise,neutral,0.8476,surprise,0.6565
surprise/surprise_0395.jpg,surprise,neutral,0.5329,fear,0.3328
surprise/surprise_0399.jpg,surprise,surprise,0.9348,fear,0.5743
surprise/surprise_0404.jpg,surprise,fear,0.594,fear,0.6077
surprise/surprise_0421.jpg,surprise,neutral,0.7969,surprise,0.6691
surprise/surprise_0438.jpg,surprise,fear,0.3856,fear,0.8922
surprise/surprise_0469.jpg,surprise,fear,0.8492,surprise,0.6323
surprise/surprise_0517.jpg,surprise,neutral,0.9016,fear,0.7894
surprise/surprise_0535.jpg,surprise,fear,0.8824,happy,0.4272
surprise/surprise_0538.jpg,surprise,neutral,0.9882,fear,0.5045
surprise/surprise_0544.jpg,surprise,fear,0.451,sad,0.426
surprise/surprise_0545.jpg,surprise,neutral,0.836,sad,0.9843
surprise/surprise_0553.jpg,surprise,neutral,0.9983,sad,0.6705
surprise/surprise_0554.jpg,surprise,surprise,0.573,fear,0.9888
surprise/surprise_0558.jpg,surprise,fear,0.8125,surprise,0.6173
surprise/surprise_0565.jpg,surprise,sad,0.9515,sad,0.9684
surprise/surprise_0580.jpg,surprise,fear,0.6399,fear,0.8053
surprise/surprise_0581.jpg,surprise,sad,0.9679,sad,0.8433
surprise/surprise_0584.jpg,surprise,fear,0.6714,fear,0.8239
surprise/surprise_0587.jpg,surprise,fear,0.955,fear,0.963
surprise/surprise_0589.jpg,surprise,surprise,0.5489,fear,0.8004
surprise/surprise_0605.jpg,surprise,neutral,0.6654,fear,0.9765
surprise/surprise_0606.jpg,surprise,surprise,0.8633,fear,0.6283
surprise/surprise_0619.jpg,surprise,fear,0.897,surprise,0.9158
surprise/surprise_0620.jpg,surprise,fear,0.5388,fear,0.6986
surprise/surprise_0627.jpg,surprise,fear,0.5537,fear,0.7327
surprise/surprise_0628.jpg,surprise,surprise,0.3675,surprise,0.4353
surprise/surprise_0633.jpg,surprise,fear,0.998,fear,0.7337
surprise/surprise_0635.jpg,surprise,fear,0.9136,fear,0.975
surprise/surprise_0643.jpg,surprise,fear,0.5855,fear,0.5407
surprise/surprise_0647.jpg,surprise,fear,0.9956,fear,0.9806
surprise/surprise_0649.jpg,surprise,neutral,0.4765,fear,0.6416
surprise/surprise_0659.jpg,surprise,surprise,0.4846,surprise,0.7628
surprise/surprise_0662.jpg,surprise,neutral,0.6882,fear,0.6549
surprise/surprise_0681.jpg,surprise,fear,0.7046,fear,0.6287
surprise/surprise_0709.jpg,surprise,neutral,0.9671,fear,0.9648
surprise/surprise_0720.jpg,surprise,fear,0.4628,fear,0.401
surprise/surprise_0723.jpg,surprise,neutral,0.771,fear,0.7903
surprise/surprise_0727.jpg,surprise,fear,0.8802,surprise,0.5797
surprise/surprise_0736.jpg,surprise,fear,0.7456,fear,0.7561
surprise/surprise_0737.jpg,surprise,surprise,0.6194,sad,0.7533
surprise/surprise_0747.jpg,surprise,fear,0.993,fear,0.8432
surprise/surprise_0751.jpg,surprise,neutral,0.6678,neutral,0.9275
surprise/surprise_0759.jpg,surprise,fear,0.6976,fear,0.7385
surprise/surprise_0768.jpg,surprise,surprise,0.6193,fear,0.5567
surprise/surprise_0786.jpg,surprise,fear,0.5873,fear,0.6676
surprise/surprise_0791.jpg,surprise,surprise,0.4957,happy,0.365
surprise/surprise_0794.jpg,surprise,neutral,0.9546,neutral,0.6719
surprise/surprise_0795.jpg,surprise,fear,0.8165,fear,0.7202
surprise/surprise_0822.jpg,surprise,neutral,0.6336,sad,0.4079
surprise/surprise_0841.jpg,surprise,sad,0.6228,sad,0.5543
surprise/surprise_0842.jpg,surprise,sad,0.47,fear,0.8988
surprise/surprise_0843.jpg,surprise,neutral,0.8508,sad,0.8238
surprise/surprise_0850.jpg,surprise,angry,0.5462,fear,0.9656
surprise/surprise_0859.jpg,surprise,neutral,0.7638,surprise,0.4326
surprise/surprise_0885.jpg,surprise,surprise,0.7017,fear,0.6864
surprise/surprise_0886.jpg,surprise,surprise,0.9785,fear,0.9124
surprise/surprise_0902.jpg,surprise,surprise,0.6352,fear,0.9006
surprise/surprise_0919.jpg,surprise,fear,0.5165,fear,0.9493
surprise/surprise_0923.jpg,surprise,neutral,0.4412,surprise,0.8441
surprise/surprise_0931.jpg,surprise,fear,0.7442,fear,0.3969
surprise/surprise_0942.jpg,surprise,fear,0.7847,fear,0.4592
surprise/surprise_0957.jpg,surprise,fear,0.8455,surprise,0.9253
surprise/surprise_0965.jpg,surprise,fear,0.9885,fear,0.9791
surprise/surprise_0982.jpg,surprise,fear,0.7721,fear,0.9344
surprise/surprise_0998.jpg,surprise,fear,0.6126,neutral,0.867
surprise/surprise_1004.jpg,surprise,fear,0.9968,fear,0.9999
surprise/surprise_1009.jpg,surprise,fear,0.6391,fear,0.7067
surprise/surprise_1019.jpg,surprise,neutral,0.8333,fear,0.6813
surprise/surprise_1027.jpg,surprise,fear,0.6946,surprise,0.7453
surprise/surprise_1033.jpg,surprise,angry,0.769,fear,0.7764
surprise/surprise_1052.jpg,surprise,fear,0.9658,fear,0.9789
surprise/surprise_1060.jpg,surprise,fear,0.4127,surprise,0.4171
surprise/surprise_1064.jpg,surprise,fear,0.6131,fear,0.8884
surprise/surprise_1067.jpg,surprise,fear,0.716,fear,0.8968
surprise/surprise_1070.jpg,surprise,fear,0.4039,fear,0.5399
surprise/surprise_1077.jpg,surprise,neutral,0.4562,neutral,0.3802
surprise/surprise_1085.jpg,surprise,neutral,0.8057,fear,0.9898
surprise/surprise_1093.jpg,surprise,fear,0.9078,neutral,0.4381
surprise/surprise_1096.jpg,surprise,fear,0.5483,surprise,0.9933
surprise/surprise_1151.jpg,surprise,fear,0.3807,fear,0.9717
surprise/surprise_1170.jpg,surprise,neutral,0.9574,neutral,0.9981
surprise/surprise_1183.jpg,surprise,surprise,0.8701,fear,0.6891
surprise/surprise_1208.jpg,surprise,fear,0.71,fear,0.9403
surprise/surprise_1210.jpg,surprise,surprise,0.4736,fear,0.3995
surprise/surprise_1212.jpg,surprise,fear,0.6377,neutral,0.9091
surprise/surprise_1213.jpg,surprise,neutral,0.8226,fear,0.4165
surprise/surprise_1229.jpg,surprise,fear,0.7898,fear,0.7687
surprise/surprise_1258.jpg,surprise,fear,0.6586,fear,0.9664
surprise/surprise_1270.jpg,surprise,neutral,0.5048,sad,0.9997
surprise/surprise_1290.jpg,surprise,fear,0.9961,fear,0.9888
surprise/surprise_1291.jpg,surprise,neutral,0.4882,fear,0.8351
surprise/surprise_1307.jpg,surprise,fear,0.6258,fear,0.9951
surprise/surprise_1311.jpg,surprise,neutral,0.898,fear,0.9623
surprise/surprise_1316.jpg,surprise,neutral,0.5001,surprise,0.3676
surprise/surprise_1320.jpg,surprise,neutral,0.964,fear,0.8581
surprise/surprise_1335.jpg,surprise,fear,0.9831,fear,0.9359
surprise/surprise_1346.jpg,surprise,neutral,0.7961,neutral,0.9908
surprise/surprise_1348.jpg,surprise,fear,0.602,sad,0.3186
surprise/surprise_1375.jpg,surprise,neutral,0.8145,surprise,0.7505
surprise/surprise_1378.jpg,surprise,neutral,0.6666,neutral,0.7863
surprise/surprise_1382.jpg,surprise,fear,0.8862,fear,0.9887
surprise/surprise_1395.jpg,surprise,neutral,0.7119,neutral,0.9756
surprise/surprise_1411.jpg,surprise,fear,0.9684,fear,0.9436
surprise/surprise_1412.jpg,surprise,fear,0.7548,fear,0.9786
surprise/surprise_1438.jpg,surprise,neutral,0.661,neutral,0.8163
surprise/surprise_1446.jpg,surprise,fear,0.6006,fear,0.4424
surprise/surprise_1451.jpg,surprise,fear,0.8691,fear,0.8522
surprise/surprise_1454.jpg,surprise,fear,0.631,fear,0.5271
surprise/surprise_1472.jpg,surprise,surprise,0.7792,surprise,0.93
surprise/surprise_1474.jpg,surprise,surprise,0.6925,surprise,0.6773
surprise/surprise_1485.jpg,surprise,neutral,0.354,fear,0.9598
surprise/surprise_1491.jpg,surprise,surprise,0.7604,surprise,0.5761
surprise/surprise_1502.jpg,surprise,neutral,0.8711,neutral,0.9712
surprise/surprise_1507.jpg,surprise,fear,0.5593,neutral,0.5289
surprise/surprise_1508.jpg,surprise,surprise,0.8884,fear,0.8334
surprise/surprise_1531.jpg,surprise,neutral,0.9734,fear,0.9974
surprise/surprise_1538.jpg,surprise,fear,0.7271,fear,0.9769
surprise/surprise_1541.jpg,surprise,surprise,0.5632,fear,0.9781
surprise/surprise_1566.jpg,surprise,surprise,0.8353,fear,0.5456
surprise/surprise_1585.jpg,surprise,sad,0.7662,sad,0.9999
surprise/surprise_1593.jpg,surprise,fear,0.6285,fear,0.5264
surprise/surprise_1594.jpg,surprise,fear,0.8809,fear,0.8443
surprise/surprise_1597.jpg,surprise,surprise,0.5026,fear,0.9687
surprise/surprise_1599.jpg,surprise,neutral,0.9624,neutral,0.7329
surprise/surprise_1603.jpg,surprise,fear,0.8509,fear,0.6066
surprise/surprise_1617.jpg,surprise,neutral,0.9626,surprise,0.831
surprise/surprise_1634.jpg,surprise,neutral,0.8247,fear,0.4715
surprise/surprise_1635.jpg,surprise,fear,0.968,fear,0.9339
surprise/surprise_1661.jpg,surprise,fear,0.9803,fear,0.9697
surprise/surprise_1663.jpg,surprise,surprise,0.7314,surprise,0.5887
surprise/surprise_1665.jpg,surprise,neutral,0.9331,fear,0.9027
surprise/surprise_1675.jpg,surprise,neutral,0.9061,fear,0.7014
surprise/surprise_1686.jpg,surprise,neutral,0.456,neutral,0.5208
surprise/surprise_1691.jpg,surprise,neutral,0.9371,neutral,0.8834
surprise/surprise_1693.jpg,surprise,fear,0.9169,fear,0.8106
surprise/surprise_1694.jpg,surprise,surprise,0.8379,surprise,0.6539
surprise/surprise_1701.jpg,surprise,fear,0.7072,fear,0.9649
surprise/surprise_1708.jpg,surprise,fear,0.927,fear,0.9146
surprise/surprise_1726.jpg,surprise,fear,0.8985,fear,0.8593
surprise/surprise_1728.jpg,surprise,fear,0.8872,surprise,0.7568
surprise/surprise_1743.jpg,surprise,surprise,0.8115,fear,0.5501
surprise/surprise_1751.jpg,surprise,surprise,0.6826,fear,0.9709
surprise/surprise_1757.jpg,surprise,fear,0.6648,fear,0.9776
surprise/surprise_1806.jpg,surprise,fear,0.9818,fear,0.5204
surprise/surprise_1837.jpg,surprise,neutral,0.9947,neutral,0.4398
surprise/surprise_1841.jpg,surprise,neutral,0.582,fear,0.9985
surprise/surprise_1849.jpg,surprise,surprise,0.7234,fear,0.971
surprise/surprise_1850.jpg,surprise,neutral,0.6035,angry,0.4822
surprise/surprise_1877.jpg,surprise,neutral,0.6484,fear,0.996
surprise/surprise_1880.jpg,surprise,neutral,0.925,fear,0.9417
surprise/surprise_1891.jpg,surprise,fear,0.9426,surprise,0.9061
surprise/surprise_1894.jpg,surprise,fear,0.9456,fear,0.8243
surprise/surprise_1909.jpg,surprise,surprise,0.4476,fear,0.4292
surprise/surprise_1926.jpg,surprise,fear,0.7914,fear,0.9922
surprise/surprise_1928.jpg,surprise,neutral,0.899,fear,0.9457
surprise/surprise_1943.jpg,surprise,fear,0.6807,fear,0.4593
surprise/surprise_1945.jpg,surprise,neutral,0.521,sad,0.7919
surprise/surprise_1973.jpg,surprise,surprise,0.7635,fear,0.9493
surprise/surprise_1978.jpg,surprise,surprise,0.4239,fear,0.9815
surprise/surprise_1989.jpg,surprise,fear,0.9415,fear,0.9714
surprise/surprise_1994.jpg,surprise,fear,0.7081,fear,0.9737
surprise/surprise_2002.jpg,surprise,neutral,0.779,fear,0.6668
surprise/surprise_2005.jpg,surprise,neutral,0.6284,fear,0.7913
surprise/surprise_2021.jpg,surprise,neutral,0.9941,sad,0.8242
surprise/surprise_2022.jpg,surprise,fear,0.8166,fear,0.8806
surprise/surprise_2023.jpg,surprise,fear,0.8034,fear,0.5815
surprise/surprise_2042.jpg,surprise,fear,0.9789,fear,0.8835
surprise/surprise_2091.jpg,surprise,fear,0.4823,fear,0.977
surprise/surprise_2121.jpg,surprise,fear,0.5686,sad,0.7108
surprise/surprise_2132.jpg,surprise,fear,0.8829,fear,0.9198
surprise/surprise_2176.jpg,surprise,fear,0.4469,surprise,0.7611
surprise/surprise_2225.jpg,surprise,fear,0.8775,fear,0.8182
surprise/surprise_2226.jpg,surprise,fear,0.8825,surprise,0.4871
surprise/surprise_2243.jpg,surprise,fear,0.8902,fear,0.7394
surprise/surprise_2245.jpg,surprise,neutral,0.8986,fear,0.9851
surprise/surprise_2246.jpg,surprise,fear,0.8773,fear,0.9889
surprise/surprise_2255.jpg,surprise,fear,0.7758,fear,0.5398
surprise/surprise_2256.jpg,surprise,neutral,0.8844,fear,0.5179
surprise/surprise_2302.jpg,surprise,sad,0.7893,sad,0.9584
surprise/surprise_2310.jpg,surprise,neutral,0.5403,fear,0.6058
surprise/surprise_2315.jpg,surprise,fear,0.9799,fear,0.5851
surprise/surprise_2321.jpg,surprise,neutral,0.9213,neutral,0.9372
surprise/surprise_2329.jpg,surprise,fear,0.8367,fear,0.9827
surprise/surprise_2332.jpg,surprise,sad,0.8138,sad,0.9967
surprise/surprise_2341.jpg,surprise,neutral,0.705,sad,0.6503
surprise/surprise_2346.jpg,surprise,fear,0.7147,sad,0.8713
surprise/surprise_2348.jpg,surprise,surprise,0.425,fear,0.8709
surprise/surprise_2349.jpg,surprise,neutral,0.4992,surprise,0.9427
surprise/surprise_2351.jpg,surprise,neutral,0.6077,surprise,0.6465
surprise/surprise_2353.jpg,surprise,surprise,0.3282,fear,0.503
surprise/surprise_2361.jpg,surprise,neutral,0.9951,sad,0.3546
surprise/surprise_2384.jpg,surprise,fear,0.781,fear,0.8201
surprise/surprise_2385.jpg,surprise,neutral,0.454,fear,0.9659
surprise/surprise_2387.jpg,surprise,fear,0.8985,fear,0.9839
surprise/surprise_2390.jpg,surprise,neutral,0.6555,sad,0.3001
surprise/surprise_2391.jpg,surprise,neutral,0.8291,fear,0.9148
surprise/surprise_2423.jpg,surprise,fear,0.5818,fear,0.6288
surprise/surprise_2429.jpg,surprise,fear,0.8755,surprise,0.4466
surprise/surprise_2441.jpg,surprise,fear,0.734,fear,0.9843
surprise/surprise_2445.jpg,surprise,fear,0.8762,fear,0.8378
surprise/surprise_2448.jpg,surprise,neutral,0.6928,fear,0.9665
surprise/surprise_2457.jpg,surprise,fear,0.8975,fear,0.9935
surprise/surprise_2490.jpg,surprise,neutral,0.5268,fear,0.9189
surprise/surprise_2523.jpg,surprise,neutral,0.7736,fear,0.9962
surprise/surprise_2548.jpg,surprise,fear,0.7844,fear,0.6537
surprise/surprise_2572.jpg,surprise,fear,0.9393,fear,0.759
surprise/surprise_2578.jpg,surprise,fear,0.5498,fear,0.701
surprise/surprise_2579.jpg,surprise,fear,0.6869,surprise,0.4996
surprise/surprise_2585.jpg,surprise,fear,0.5445,fear,0.8885
